,GeneSymb,MeanPval,OR,Pval,Y
0,HIF3A,-1.965255184714551,0.28357521021105364,0.00334502,0.6576762926679549
1,SMARCC2,-2.1566937661825065,1.6756039374061964,0.00064963,0.9793307157177713
2,RNF13,-3.2329878784223425,0.2540719913630304,5.5443e-05,0.6422222352576619
3,CPD,-1.8365960908355534,1.2173398548740444,0.000137946,0.9428392648461944
4,RIC3,-2.2771428841654493,0.8141872965583197,8.99328e-05,0.8670052677103944
5,SNAP91,-2.904658769592166,0.8852542079885426,0.000111205,0.8847675072107437
6,ANKIB1,-2.106695354472322,1.4386392013131892,6.80107e-05,0.9648581775105185
7,ZNF708,-2.2040502249730656,0.13355128349861364,0.000215544,0.5762781443595526
8,NTNG2,-2.1798270807001865,1.8035009349714715,0.000103975,0.9845216614702751
9,TYROBP,-2.0852897576673453,1.8974141508643896,0.000574485,0.9874939462464485
10,APBB3,-1.9411244172761046,0.4385061243836156,0.00170747,0.7329609776620252
11,FAM114A2,-2.225643904062462,2.3099518785329844,0.000107455,0.9951255457726849
12,C3orf14,-2.1479647994601265,1.318153090145319,0.00122783,0.9541374848721358
13,SIRPA,-1.995056243936514,0.911574141332921,0.00225548,0.890803711672745
14,SSFA2,-2.7076515758900173,3.0090119248223544,0.000145452,0.9990214953181982
15,CAMK2G,-1.799559315311157,0.6460528318034945,0.000133162,0.8157165126864715
16,FAM84B,-2.3620607383805936,0.4771137181464946,0.000638061,0.7499967461856909
17,BCAT1,-2.5408210192319927,0.6045081601440578,6.15153e-05,0.8009004136179168
18,MUC4,-2.6469056934434563,4.163412816848086,6.03996e-05,0.9999313631453203
19,ALS2CL,-2.0888018572564397,5.009243231311835,0.000267367,0.9999902106801811
20,CXCL16,-2.268109526081159,5.053382809684611,0.000465074,0.9999911567205366
21,FAM172A,-2.4791994241355835,0.7056591517962568,0.000283339,0.835461577290503
22,ZNF671,-2.0097897561377827,0.36456829310452293,0.00153271,0.6983492652723569
23,TEX2,-3.1239010812501475,1.353750270888195,5.33321e-05,0.957593641289515
24,ARHGAP12,-2.6584246222122334,0.0870876833628796,5.73037e-05,0.5499643859868981
25,ANGPTL2,-2.1850553355199827,2.2350747414481114,0.00027632,0.9942136462822202
26,ARHGAP10,-2.982499780373151,2.1783786898523503,0.000130392,0.993412043378364
27,ATP2A3,-2.2996213748143823,1.5904525621169427,0.000170782,0.9749656256614458
28,NUAK1,-2.185416128158436,1.963864017101899,0.000215294,0.9892491777647507
29,POLR3A,-2.558821689299002,0.5696068806743391,0.00027194,0.7877754729409441
30,RAB6A,-2.059554116771614,2.390608414429071,0.000213075,0.9959483827054342
31,CELF1,-1.336304852782271,2.167832633908382,0.000467337,0.9932512014438589
32,MFSD11,-1.9167621133436639,0.34377341481619345,0.00319612,0.6881678127464336
33,GTF3C5,-2.554097530226904,1.81095516479026,0.000141937,0.9847810559380943
34,GPR137C,-2.283981224043999,0.807161227565989,0.000134603,0.8651287138428724
35,TMEM132A,-2.4606948769230677,1.1387228091868264,0.000136946,0.9322645004732099
36,IFIT2,-2.0559744911162228,1.8571235192452094,0.00163598,0.9862948670244693
37,PPP1R15A,-2.308786185685145,0.344269932788211,0.000339201,0.6884130985946949
38,APOE,-2.152601255360955,1.0602396325727965,0.000889833,0.9199223129890036
39,XPO7,-2.5220722088559238,1.3930524209347785,5.67094e-05,0.9611200914288066
40,SNX32,-1.7889653009532975,0.6081031689068872,0.00238937,0.802217097894465
41,KCNIP2,-1.9612330428481448,3.2688122198507212,0.000711974,0.999461787259139
42,DSEL,-2.1693137949209103,2.545647000816863,0.00207239,0.997161307061792
43,SDK2,-2.9962650486207414,3.9772558049765734,0.000150696,0.9998946344998627
44,KCNQ5,-2.0322820292330226,0.7912376012892671,0.000414329,0.8607929859001632
45,NCAPD2,-2.217735908815246,1.5417254862111376,0.000203333,0.972076180927875
46,PPARG,-3.0019075522539556,0.5619238687664613,4.29928e-05,0.7848027771388992
47,NFASC,-2.968244263155579,2.044800336271853,9.70289e-05,0.9910607733118255
48,GRN,-2.0944979628891307,1.5064438063770011,0.000684562,0.9697843888810859
49,HCK,-1.4349821425188887,6.495401478089812,0.00453704,0.9999996804061724
50,ARNT2,-3.023641457727528,1.3707802889449283,9.51503e-05,0.95915774170679
51,RPS6KA1,-2.073864400203947,1.6574932534912203,0.000196326,0.978469503698321
52,CAMSAP2,-2.390961490485963,0.38897665241900936,8.77169e-05,0.7100551357511256
53,TMEM74B,-2.2569447426785163,3.370180002155843,0.00147697,0.999573778990907
54,ERMP1,-2.4659015555427337,0.22884758307097325,0.000141804,0.6287693744167511
55,CDC40,-2.4618615942775905,4.2267088296052195,0.000161,0.9999406712219671
56,TCIRG1,-2.073249585148674,0.12563722137199534,0.000456001,0.5718224005343456
57,CD14,-2.0172420848934762,0.020362410981063946,9.9911e-05,0.5117193991640792
58,WDFY4,-2.8431692028247126,0.7834978606637031,0.00012215,0.8586437117023533
59,ITGAL,-1.575611412627431,3.3341404992159545,0.00088421,0.9995369175311011
60,FLOT1,-1.6566887164083524,1.4450436946936938,0.00107058,0.9653547851460724
61,SORT1,-2.0366631382727243,2.3670167381918796,0.000231159,0.9957231711072698
62,FLNC,-2.0102683626015585,1.9998233976565576,0.000129557,0.9900950228117286
63,MAP3K1,-2.5492522834892704,1.0974252436191558,6.57129e-05,0.9260072539791847
64,LETM1,-2.0912747360494954,3.580427619221469,0.00272829,0.9997373010861876
65,AP3M2,-2.475766755954239,0.008271216068078454,0.000194237,0.5047611507924363
66,NDUFAF4,-1.872511900586624,2.090275342020193,0.00119477,0.9919423004676755
67,NDUFAF7,-2.0799955839120816,1.457986966140755,0.000306359,0.9663378370048024
68,TRIM59,-2.1254553182297307,4.261887898079637,0.000826909,0.9999452872757277
69,CTH,-2.1433241857292065,1.1675461893105281,0.000504701,0.9363371515626443
70,LHFPL2,-3.106718624626566,0.086219988498832,4.65496e-05,0.5494698392082321
71,SPI1,-1.6614133954214294,4.5838882784711945,0.000213152,0.9999739324388867
72,CIITA,-2.2481735046273554,0.5234539597091576,0.000419425,0.7694658002094354
73,P2RY12,-1.9698794317716137,0.06163723014877241,0.000136572,0.5354218042256426
74,FICD,-2.189203255451755,0.008082214217546378,0.00142478,0.5046523622230392
75,MINOS1,-2.1676291960409837,2.2274258877380975,0.000199753,0.9941114389311155
76,AP3D1,-2.1037771951575435,4.621191664047116,0.00162107,0.9999760779746302
77,BSG,-2.3304374674975104,0.21326548391255176,0.00220389,0.6203565625990829
78,PARVG,-2.1406335146107054,1.7196582818567872,0.000178125,0.9812872390631985
79,EGLN2,-2.0137416671428046,0.8855909134590317,0.000583031,0.8848465278297329
80,GLTP,-2.1728368741512574,1.962974804000452,0.000250414,0.9892273803979057
81,PLA2G16,-2.015658441024804,3.3382805351738742,0.00195775,0.9995413090071219
82,CPOX,-1.8926950584977382,0.2919410956516757,0.000954134,0.6619999003001162
83,SLC17A9,-1.9654268709630929,0.295275520864973,0.00104693,0.6637157113116986
84,ADARB2,-2.6264467951981474,2.9043601995151467,0.000272857,0.9987552020774147
85,CCDC113,-2.2845196564238215,3.1455564949349046,9.13183e-05,0.9992852848348808
86,FGL2,-2.1428206332925224,2.218192424365402,0.00199312,0.9939856638706441
87,ABCA7,-1.861711373040803,0.7370236130348446,0.0036076,0.8451503094560443
88,ATP1A3,-1.994582320224167,0.562443472676126,0.00110551,0.7850047705862847
89,CLPTM1,-2.0637529480859014,0.6116076318906136,0.00169565,0.8034942942032468
90,SH3TC1,-2.3796425487852546,0.37876502773596454,0.000352887,0.7051905234026131
91,WASL,-2.082312795704963,2.145493018307051,0.000154048,0.992897497458886
92,NCKAP1L,-1.8736037278708841,5.647517097652964,0.000412779,0.9999977484482956
93,CPEB2,-2.7235517871466883,2.245891085650285,0.000125739,0.9943551753861439
94,PLCG2,-2.547161641551835,0.46015975206679693,0.000211019,0.7426058755551681
95,ERF,-2.280885676934453,5.821004782491028,0.000125615,0.9999984899387552
96,MOB1A,-2.432602185692838,0.22161283151635083,0.00013198,0.6248726738182223
97,BIN1,-2.516878057113449,3.643451447887477,0.000392812,0.9997727782712306
98,SLC37A2,-1.9836839785350908,0.48708496803800727,0.000450264,0.7542769623970927
99,TRIM9,-3.0978274228263585,0.5830501375868904,0.000164428,0.7929044686654545
100,TP53TG5,-2.060358937554376,4.420759530218028,0.000544909,0.9999620489332733
101,DYNC1I1,-2.8270737034302886,2.464840083514425,0.000226731,0.9965827772108165
102,ATP13A4,-2.279937153428084,0.8329225731440999,0.000177255,0.8719012923649204
103,ESYT2,-3.0650827296149625,2.8557958617090127,5.9443e-05,0.9986081282029832
104,GJB6,-1.9016323779004773,0.16518609843057672,0.00329007,0.593958733295285
105,ELOVL2,-2.1870355578434997,1.1902635146342562,0.000230533,0.9393850003930962
106,TMEM173,-2.124398804872109,1.5819358996808097,0.00052332,0.9744824987843694
107,ARFIP1,-3.055779913130686,0.624984079885605,3.58357e-05,0.8083119927771072
108,ITGB2,-1.9696872100972758,5.303432080170245,0.000411998,0.9999950276034055
109,ZNF300,-2.3384906752854975,0.32862783830865944,7.762e-05,0.6806354401734818
110,MRS2,-2.270929991487506,0.42278964129865115,0.000308595,0.7258183881204687
111,PLB1,-2.8054593993618053,1.9626356625424477,7.1704e-05,0.9892190554801528
112,TTBK2,-2.002956637193141,1.2611167123490896,8.89761e-05,0.948035371257869
113,LCP2,-2.167883689814885,2.181160361936448,0.00138144,0.993453829296215
114,LCP1,-2.1271155519380183,1.7494248497953084,0.000304546,0.9825051594004849
115,NAF1,-2.521055611738218,2.194218807003601,0.000301745,0.993646499042519
116,CALY,-1.9565486266834498,2.968378711463256,0.000986777,0.9989256285868088
117,AOAH,-2.6579286830564737,0.3202611524985871,9.82166e-05,0.6764332964192896
118,SLC35F1,-2.664156442807302,2.6517824618515258,0.000186991,0.9977754081900859
119,MAP3K11,-1.9466046648445825,2.405948167474761,0.00161162,0.9960884423670927
120,RND3,-2.6726981291147593,0.25985680696501345,0.000834123,0.6452769842676274
121,SETD3,-2.3424953902824535,2.5191612882779917,9.45677e-05,0.996983338281604
122,SLC1A4,-2.0431209724378863,3.540724079887875,0.000534175,0.9997121601664464
123,SLC1A5,-1.9801628083262488,1.658635664148162,0.00145477,0.9785248505287097
124,FAM126A,-2.645815813806352,3.65448540577376,7.87404e-05,0.9997784772279056
125,SLC1A2,-3.152921951490708,3.1446523306105414,4.13653e-05,0.9992837963752553
126,HLA-DMA,-1.6975954822009096,2.0046767325869967,0.00286988,0.9902040185979595
127,CD74,-2.117128489661213,3.990339149476252,0.00058452,0.9998977610345032
128,FRYL,-2.5251877263035687,0.6728326252524276,0.000106014,0.8248060140396842
129,TGDS,-2.59852094774145,3.0363090322135706,0.000611326,0.9990810504073989
130,TMEM176B,-1.8624633372942663,2.638142063693204,0.00240728,0.9977045919131016
131,C15orf39,-1.8987670112315689,4.358340135647412,0.000481792,0.9999561831821157
132,PTK2B,-3.02397165997191,0.8835141148208426,4.86436e-05,0.8843583767844285
133,RCBTB1,-3.300303937049166,2.0788570870943146,3.84672e-05,0.9917294172999569
134,USP28,-2.2355568987054526,0.9205530279481497,9.69601e-05,0.8927985965727853
135,LRRC49,-2.3787992885659373,0.6885520742185182,8.555e-05,0.8299749501932513
136,FAM168B,-2.433066733056386,0.9523114083386628,0.000328763,0.8995991004018931
137,RASAL2,-2.9630264925251106,2.1452021664846854,4.18262e-05,0.9928927730589018
138,GPATCH4,-2.3655786518069024,2.846560278370924,0.000370475,0.9985782546185884
139,UBXN10,-2.0984572923722875,0.6021666029980901,0.00179066,0.8000392742982376
140,ADAMTS4,-1.9807813379379513,2.0316209909543126,0.000630765,0.9907878777341121
141,CCSER2,-2.912420579847753,1.9895231745694943,0.000134412,0.9898597077443102
142,PLEKHH2,-2.8207904140123605,2.465725112974445,6.96096e-05,0.9965897102023393
143,CDH1,-2.6672973252899386,0.5869627384253968,0.000161421,0.7943799216905844
144,SLC12A9,-1.849637304605088,4.198297194742329,0.000813583,0.9999366604029248
145,NABP1,-2.2378679003573203,0.037978278643606506,0.00157498,0.5218481332693503
146,LIPA,-1.9939286181178613,0.7209097849177736,0.000334897,0.8402321131569671
147,MRVI1,-2.789525209194123,0.30426450013006645,0.000124552,0.6683196564727515
148,TMUB1,-1.9303683280185493,0.66885715406427,0.000681131,0.8234793362749954
149,RFFL,-2.1286965642360025,0.25698461287157337,0.000105138,0.6437617461176659
150,HLA-DRB1,-2.3684298176564007,2.0784331711312927,9.26102e-05,0.9917214072867658
151,HLA-DRB5,-1.615492418321886,0.16615965345106448,0.000229532,0.5944992523263167
152,FAM69C,-2.269169711245984,1.7588536813762095,0.0004735,0.9828744563489067
153,SIGLEC10,-2.2741718609823747,4.515977444326155,0.000677557,0.9999695203961315
154,CENPV,-1.9638405975453255,0.3336105951050774,0.000810247,0.6831241987682128
155,TUFT1,-1.6952593351499197,0.15434510130831086,0.000663307,0.587924688035664
156,PDE8B,-3.0485724564958203,1.5400391433162386,0.000135006,0.9719705884554208
157,SDE2,-2.0314053887367063,1.5626278840633083,0.000943965,0.9733533484291629
158,DBH,-2.1449745219304437,0.5480479408896697,0.000190434,0.7793576549871223
159,MTCH2,-1.2990483111159594,0.36705496313314373,0.000893345,0.6995540703305367
160,SLC2A5,-2.245667253740031,1.2955409259976727,0.000183674,0.9518044643435277
161,C1QC,-2.2978915285779737,1.9854193312955097,0.000638039,0.9897644188468113
162,C1QB,-2.1402408614666846,0.38913131680264534,0.000726597,0.71012844875359
163,RFX2,-2.1002191202573663,1.8498245585369586,0.00017357,0.9860658222089776
164,SYT7,-2.164905407752862,1.0405133554699972,0.000293113,0.9165118691420765
165,YEATS2,-2.354838512162116,1.3851990742097144,0.000108552,0.9604386980070951
166,GNG5,-1.7532637861114448,0.5765392806417224,0.000826028,0.7904318990736515
167,NETO1,-2.8277660681137426,0.18040533098798864,0.000171593,0.6023816588440059
168,ALDH5A1,-2.015041970327397,1.5763572365983585,0.00034847,0.9741611274919619
169,CD300A,-2.033793958949972,0.6125297741467028,0.000781427,0.803829330327971
170,PAK1,-3.4358666394277857,0.683379210260463,4.46698e-05,0.82828750465358
171,NFATC2,-2.8726409590547592,3.674392238645513,0.000107002,0.999788399906689
172,PDXK,-2.3370695330816345,3.386912817507696,0.000212467,0.9995898818082211
173,PAPLN,-2.145217686570657,0.8529731200850843,0.000356924,0.8769698527082138
174,IL10RA,-2.252525872724289,0.05801321914126267,0.00043014,0.533345524131817
175,MYRIP,-2.948731707770387,0.5363812243686096,0.000101548,0.7747035608025038
176,DBF4B,-1.9620560315309126,0.08790726892199273,0.00212237,0.5504314219885126
177,VSIG2,-2.278772805573403,1.5278596692345148,0.000963864,0.9711963598392356
178,SEC63,-2.913832754708523,1.3989785095493994,5.09373e-05,0.9616267973124629
179,CNTN2,-2.1389919288703485,0.6314794276239991,0.000250122,0.8106186656672104
180,LAMB1,-2.1532852506666265,2.870385301484655,0.00023799,0.9986540474023156
181,STAM,-2.939774198798301,2.8776198268933193,3.59258e-05,0.9986762532819755
182,AP2B1,-2.810035071541826,0.45430936238041153,4.05458e-05,0.740022589094024
183,YPEL3,-1.8138072074593379,1.8132751816712005,0.00019662,0.984860911792994
184,ITPKA,-1.725298889129979,4.657327127013013,0.000407786,0.9999779878069435
185,ZNF764,-2.100293918359768,0.8971684153817395,0.00120827,0.887535072277163
186,NLK,-1.7133715558653908,0.6564362244969735,0.00253376,0.8192834396251615
187,NLN,-2.575630300438865,2.9917673612631615,0.000102552,0.9989819004195543
188,JAM3,-2.40449927689461,0.6229465378310881,5.82537e-05,0.8075840049950568
189,C9orf40,-2.2431868760005864,2.9510374053651525,0.00171998,0.9988819100529335
190,SHB,-2.9632161171179554,0.07642266287330603,8.28706e-05,0.5438792515095447
191,UHRF1BP1L,-3.027665061593427,0.5235437952038752,0.00010765,0.7695024915963411
192,C3orf58,-2.260392164644714,2.5671047061291006,0.000211044,0.9972977834615812
193,HHATL,-2.0764206754974706,0.4240542929608978,0.000477529,0.7263975061758237
194,GALNT1,-2.5336068158102507,2.574185844636541,5.61135e-05,0.9973413694602208
195,EPAS1,-2.6052315668725328,0.5390030767011015,0.000126039,0.7757555053428403
196,STK32A,-2.6731082378588593,0.6784579350541381,7.41401e-05,0.8266698333132944
197,MTHFD2,-2.3010328953619825,1.8153602639859765,0.000505164,0.9849323290032521
198,IRF5,-1.9316112947520685,2.8819073117080394,0.000530721,0.9986892403636596
199,FCF1,-2.0986402412852994,0.01773962762198802,0.000531039,0.5102103309265349
200,ABR,-2.2880166019455435,0.374200322678783,0.000969803,0.7030006956464105
201,MEF2C,-2.690984844013703,0.6615465053707451,0.000296842,0.8210190771251269
202,FBXL20,-3.158167882713701,0.2378759953966594,5.95738e-05,0.6336087087036036
203,FAM167A,-1.7754557724253854,0.23032059808137204,0.00020265,0.6295607232833246
204,HDAC1,-2.0071930699999965,0.17449307889459004,0.000412897,0.5991164888741718
205,PDGFRB,-2.1813447695813997,1.6317246023628846,0.000136788,0.9771833717858434
206,TMC6,-2.0527625765609407,0.6278247753011372,0.00185498,0.8093234274560746
207,MFNG,-2.115254976719676,0.14442063994199184,0.000996686,0.5823774669676521
208,MOAP1,-2.2157075786477325,1.3094652602654406,0.00215819,0.9532541106781334
209,SH3BP4,-2.8919113680494717,1.8920229770851686,0.000133087,0.9873397107659062
210,STXBP3,-1.9782487092499585,2.450379588669755,9.5814e-05,0.9964674888191726
211,TREM2,-2.3396539148957864,2.7998085156273875,0.000532112,0.9984169179820983
212,GSG1L,-2.991936651128199,1.7295762210766439,0.000162523,0.9817020069719903
213,PSEN2,-2.2438421718276214,0.8356152517900867,0.000266522,0.8725921851201138
214,PSEN1,-2.3875075305866162,0.686364497831162,0.000143408,0.8292629529082983
215,CRYBG3,-1.8367682034296198,3.048447958747972,0.000974305,0.9991063576050941
216,TNFSF9,-2.144856411349437,0.2355249041405249,0.0018518,0.6323510446915667
217,CIB1,-2.242668189885942,2.1338446506564295,9.26989e-05,0.9927058293183254
218,LYSMD2,-2.4808579354424154,3.8813130129496014,7.32149e-05,0.9998685895469818
219,TGFBR1,-2.3304160996492493,4.06771364058201,0.000135999,0.9999144442502613
220,MTMR12,-2.4339151293592862,1.4931875169286537,7.49799e-05,0.9688770224459193
221,SH3RF1,-2.678376199716348,5.36263379740199,0.000118551,0.9999956612530808
222,GNB4,-1.6377353924032207,1.1894928848031496,0.000396638,0.93928388346801
223,DAB2IP,-2.6806929745731214,1.6209468861324883,0.00030594,0.9766234581380872
224,ELMOD1,-2.1507253298612725,1.3645109024098807,0.000261598,0.9585884679712336
225,TMEM145,-2.247391897093987,0.4484945581320666,0.000320119,0.7374384088505993
226,CLU,-2.339210415241572,1.9473625781015778,0.000475619,0.9888374776863381
227,FRS2,-2.178309691253121,0.8246403418935389,0.000102949,0.869756165400382
228,TRIM65,-2.0305071814175326,1.1083247525349282,0.0017033,0.9277085699409113
229,TM6SF1,-2.0604868746408878,0.11248433306880973,0.000572797,0.5643916212252412
230,CNNM3,-1.292547070368737,0.15699612520777584,0.00919675,0.5894027520699656
231,TJP1,-2.278291548122882,1.1790796983849465,0.000148914,0.9379019798086359
232,SLC22A17,-2.2716056707038823,0.10669402239129361,0.000656139,0.561110963621637
233,FAM107A,-2.1081714293451075,1.4590347731239786,0.000183046,0.9664162303889241
234,SOWAHB,-2.350723912524899,1.2041872779658753,0.00050397,0.9411850487244331
235,FAM107B,-2.676963592114359,1.2354961053665532,0.00023935,0.9450510780345501
236,MYO9B,-2.9661908937628643,1.6044984719578061,9.04206e-05,0.9757430063128546
237,HLA-DPA1,-2.8239248994222548,0.8949306958193535,5.38983e-05,0.8870197355694416
238,LPAR6,-2.0096059065391145,0.46667889517455274,0.00043979,0.7454646268797185
239,KIAA1191,-2.1242746842201528,1.284133132745201,0.00076776,0.9505851055090865
240,NRF1,-2.804426556713175,1.9266366639488686,0.000213038,0.9882982354356011
241,TGFB1,-2.181467186920579,0.6993168744488901,0.000368037,0.8334442340730265
242,TBCEL,-2.2569938697518044,4.014869044471376,0.000282708,0.9999033751150436
243,STAB1,-1.76206089171475,2.555249932302622,0.000752198,0.9972232137679845
244,ST6GAL1,-2.9155515266606677,3.7986338257307874,5.88645e-05,0.9998410366041302
245,CHPF2,-2.2110588116422134,1.4193245362390057,0.00172619,0.9633186401295071
246,LCAT,-0.9765033946965016,0.7038614422168984,0.00427913,0.834891764893965
247,SPECC1,-3.316847744928773,4.723370279232498,5.05937e-05,0.9999810930485282
248,NFYB,-1.9998202418743065,3.7231423061685263,0.000531186,0.9998108634142066
249,CLGN,-2.1679528313542553,0.2544201584386797,0.000499074,0.6424064195268196
250,RCSD1,-2.707099290635691,3.234971487595293,0.000186551,0.99941819725608
251,NSMF,-2.3165767978655274,0.655041636950208,0.00037268,0.8188075144006755
252,SOX1,-2.360531109274182,2.7713543701320447,0.00165534,0.9983099054155372
253,SEMA6C,-1.1615385443652748,2.605914498635707,0.00536127,0.9975282150143017
254,UIMC1,-2.1218691388027007,0.20773891690351365,6.99731e-05,0.6173549944679629
255,IFIT3,-2.1674827024814443,3.2084259521033736,0.000168603,0.9993815488877644
256,MBD6,-2.2961913281913016,1.5234293768305742,6.8434e-05,0.9709096178531582
257,NOD1,-2.3692220072363086,1.7727083184201147,0.000155887,0.9834032399044513
258,HCLS1,-2.136458972986839,0.2114316422559167,0.000394421,0.6193615812828543
259,YWHAE,-2.4330049523482544,1.9683567883640343,0.000143817,0.9893586442014353
260,MATN3,-1.8951951172408368,0.6108857636335653,0.000430072,0.8032317208599592
261,ST3GAL6,-1.9153269337222545,1.2867060713234966,0.000317162,0.9508626514850207
262,RAC1,-2.0791221603209733,2.7891506720166444,0.000263516,0.9983776513983861
263,RUFY3,-3.384531573042209,0.177259335578198,2.41116e-05,0.6006453289847529
264,FCGR2C,-2.0892384801580053,1.6854865986297745,0.00122894,0.979786347970447
265,LSM2,-1.177353451332346,0.7930534278205417,0.00503094,0.8612932445518451
266,FCGR2A,-2.1922374803123974,0.3925028618794844,0.000844602,0.7117238763774775
267,MS4A6A,-2.1702950837004313,1.4943685138037517,0.000276145,0.968958918047279
268,CYBA,-2.234461338221329,2.609904329835673,0.000392289,0.9975507637667046
269,CYTH1,-2.2435785546926064,2.4787145880727635,0.000105571,0.9966898669167344
270,UCP2,-2.1879829232320716,0.20728842361454564,0.000600284,0.6171099257598891
271,CYTH4,-2.2416630053599143,3.2351986420879513,0.000165284,0.9994185013071928
272,PM20D2,-2.2106875353226516,1.184470072320849,0.000526027,0.9386209488335175
273,CHST10,-2.2177764599499654,0.31593573114210866,0.000268321,0.6742495956168842
274,LILRB1,-2.1695498769760477,1.723307040895624,0.000122001,0.9814408916189885
275,ABI2,-1.7562344773641279,1.286857795991151,0.000324284,0.9508789719671691
276,ABI3,-2.010341455089972,6.412183996283928,0.000598015,0.9999996129065385
277,CACNG8,-2.2675955137489052,0.15104838900090728,0.000180812,0.5860844122828387
278,TYMP,-1.8703379511748495,2.2896607015102886,0.00190605,0.99489358708328
279,SEC61A2,-2.744474506347892,2.102629874013175,0.000114646,0.9921665208051677
280,WIPF3,-2.5659367207724317,0.36383645011476445,0.0001188,0.6979941611157928
281,SCIN,-2.2383099433682236,4.9132300424216115,0.000127027,0.9999877886225823
282,GNPTAB,-2.1406004203748075,0.6663303067930724,0.000160207,0.822631992067916
283,CDR2L,-1.9649546726217813,0.6502155640210298,0.00194194,0.8171530081712309
284,RNASET2,-2.39363291452687,6.091966602188692,0.000654571,0.9999991908425326
285,APOC1,-2.1391700979279133,0.715877685200202,0.00162434,0.8386705329996498
286,PAH,-2.227469077077138,0.15794099535385375,0.000115369,0.5899291708476855
287,SLC30A3,-1.9123082975487786,0.06053980685536231,0.000245113,0.5347931911906528
288,MAN2B1,-2.1080045377797267,2.213388674248446,0.000506065,0.9939191765316046
289,PROX1,-2.3610819282689057,0.1304269663745686,0.000210138,0.574520543238454
290,CTSC,-2.4841062454029808,3.0833299044275133,0.000201004,0.9991752700387898
291,TRIM23,-2.160815205239467,2.9446426550346936,0.000138542,0.998865343800752
292,GNPAT,-2.289611491744821,1.778282910041489,0.000148242,0.9836114449845322
293,SLC15A3,-2.145914727633879,0.12518607782086236,0.000483857,0.5715680410627096
294,SIRT2,-1.9713891982018572,0.16752978514650066,0.001314,0.5952595631210977
295,CTSS,-1.4539845205372988,1.1307071612685513,0.00278569,0.9310896674247282
296,SETD6,-2.2669389277330985,3.124823705768089,0.000538682,0.999250363698628
297,ADCY7,-1.9180103277368337,3.5651573332984796,0.00070225,0.9997279025447046
298,INPP5E,-2.1523488662616552,2.281099421190532,0.000289138,0.9947924546420716
299,DZIP1,-2.317961149734783,0.2234560322930524,0.0012083,0.6258669975661647
300,RBBP5,-2.116942770511775,3.691714551037454,0.00027201,0.9997966720248345
301,KPNA6,-2.1413720103807807,4.321142258325352,7.26735e-05,0.9999522649908521
302,RUNX1,-2.521719803923377,0.34650939828031235,0.000131935,0.6895181072501448
303,DOCK8,-1.3929136172171264,0.7100751459879191,0.0286663,0.8368545909943453
304,APBB1IP,-2.738911264398435,2.015624760238985,0.000105279,0.9904455466704238
305,LRFN5,-2.869313549771611,0.8013741395236581,0.000130411,0.8635663300129308
306,AKNA,-2.4838213219613148,2.8558905635073133,0.000104178,0.9986084312576862
307,DOCK2,-2.0701838469494995,1.5229618397419602,0.00024306,0.9708791963851037
308,ENAH,-3.2913266222712845,0.07804259617158169,4.71983e-05,0.5448044258127558
309,MED24,-1.99947961449708,3.4825591229065735,0.000196714,0.9996709226910994
310,DOCK5,-3.063916819287913,0.03174137336848406,9.20322e-05,0.5182636740267903
311,FAM13A,-2.6944917926180243,5.053439450957063,0.000142942,0.9999911578738037
312,SUCO,-2.17775934526668,2.3800628292255626,0.000228491,0.9958492100743841
313,LY86,-2.670801155308425,1.4884985255675338,0.000134455,0.9685497986930917
314,PPM1F,-2.141499724472429,2.068037374318868,0.000117958,0.9915225503015654
315,THEM5,-1.8629881725896407,0.22487996250440487,0.00164084,0.6266344171647178
316,ABCF2,-2.0186458419445836,0.28154300674862237,0.00113786,0.6566220227975161
317,CLDND1,-1.7122684316668426,0.0390803138460392,0.00096723,0.522481269018815
318,ZBBX,-3.5518189480807156,0.16629753428586133,0.000100892,0.594575785466306
319,BICC1,-2.385354553152826,1.726695402314744,0.000947011,0.9815824697709717
320,CARD9,-2.255755386355497,1.3711753027622129,0.000661864,0.9591933578094285
321,YARS,-2.084851325361465,0.0857295634574561,0.000122592,0.5491902758358598
322,HLA-DQB1,-2.3367298014557853,1.645140797466911,0.000104066,0.9778620802985089
323,SYT17,-2.1954355950488056,1.69569623262382,0.000128267,0.9802467224380358
324,PLCB2,-2.247729870103466,2.459823402590642,0.000411161,0.9965432121030976
325,UNC5C,-1.9852515486149862,1.1770102135382343,0.000211376,0.9376238679540946
326,MAL2,-2.390495839375165,0.4876789929769444,0.000362244,0.7545303853794777
327,PARP2,-1.756403416909967,5.219765639236115,0.00208725,0.9999939711879825
328,UBA7,-1.3375557001711917,0.21437314056611162,0.00135791,0.6209570509662052
329,MAP1S,-2.2870449988544213,0.024109568896060696,0.000340914,0.5138750202834812
330,LAMC3,-2.992519406638036,1.1600940863235527,0.000127223,0.9353066088761928
331,GIMAP2,-1.7901044336439955,1.8858349327639978,0.00360648,0.9871603621058047
332,FAM162A,-1.9437094185689907,0.33950024993631056,0.00031683,0.6860524641682644
333,PEX5L,-2.6367781247739686,2.1228369270546636,0.00022938,0.9925199873166534
334,EHBP1L1,-1.925091616565394,0.6077246895561619,0.00200139,0.8020787881088033
335,B4GAT1,-2.2356460854180855,1.7191783555744913,2.25437e-05,0.9812669362956273
336,RHBDF2,-1.9930601488653514,4.56443778664386,0.000545442,0.9999727384607381
337,SLCO2B1,-1.9936908106433484,1.2384979624678973,0.000505237,0.9454089144285468
338,UBE2S,-2.205733783472956,1.6554599520549642,0.000841871,0.9783706502188391
339,EPG5,-2.2972344526484085,5.364246959746927,0.000211716,0.9999956773391478
340,BAG1,-1.9266638373334042,0.06987839519425587,0.00143809,0.5401386788731465
341,MYO1F,-2.046726052845778,3.3282975057277815,0.00023068,0.9995306480684651
342,MOB3B,-2.5083847786099036,2.8013060127145777,0.000387692,0.9984223586329382
343,C12orf10,-2.163801504088307,1.029546933436099,0.00125698,0.9145592749656389
344,PTAFR,-2.0324089456630343,1.6718571866176872,0.00189743,0.9791553590589347
345,LIMD1,-2.9999224780769698,2.3523514965042827,0.00010783,0.9955769349151374
346,CD9,-2.512105040460815,1.9427409141672436,0.00022528,0.9887194014969989
347,NAV1,-2.91201145134661,9.043744112492366,0.000149628,0.9999999990958179
348,SLC10A7,-3.284133589506677,2.026712618972845,7.39093e-05,0.9906841476902319
349,DEF6,-2.0777942818865416,6.131661915056949,0.000310045,0.9999992615216557
350,ZNF532,-2.8882809656084936,2.6295799827633193,8.663e-05,0.9976589960835578
351,GOLGA2,-2.169990183537556,2.6954628110082384,0.000460455,0.9979878403361928
352,TMCC3,-2.8602599646725086,1.554173694489138,0.000177468,0.9728437743012106
353,HBEGF,-2.082655630349114,4.0193609026992565,0.000786693,0.9999043692496495
354,C3,-2.100379714030957,0.6883738335750833,0.000341193,0.8299170261140759
355,BCL7C,-1.8522444042728012,4.350421514921837,0.000382438,0.9999553769650037
356,FAM214A,-2.4580513465965863,0.4913251807050312,5.61577e-05,0.7560820561075744
357,LGALS9,-2.167500223531894,0.2458747551981586,0.00357718,0.6378737671493385
358,PICALM,-2.649204157215325,2.18392560848988,7.40763e-05,0.9934951074930515
359,ADAM23,-2.9150056375679574,1.4689451332254497,0.000169941,0.9671490248988249
360,ADAM22,-2.3159323939326475,0.11378398999311246,0.0001227,0.565127213556681
361,LGALS3,-2.318114557460711,1.69901219448378,0.00031152,0.9803940242574352
362,FRMD4A,-2.5265135000858745,0.11204178730372141,0.000310555,0.5641410800444844
363,LRP4,-1.5972549295316565,1.647944701865972,0.000276831,0.9780014132968803
364,C14orf93,-2.0604344184061896,1.8414605979089074,0.00140334,0.9857987147870811
365,WNT3,-1.814215846038934,0.69290691742992,0.00224852,0.8313853033144323
366,PRRT2,-2.0987128615063413,0.833164360149057,0.00179353,0.8719634609225116
367,C1orf162,-2.0331886864775215,1.3780879646439175,0.00145443,0.9598118386056724
368,FARSB,-2.2279057986149677,2.070031319871175,0.000142444,0.99156105529689
369,HLA-DOA,-1.667558804901186,1.4980805676099695,0.0014058,0.9692149724285936
370,AVPI1,-2.0302248641625282,1.4532942037701455,0.000244884,0.9659845684732205
371,PDE4C,-2.1304476056393216,2.627578873125264,0.000252778,0.9976482099180679
372,PPIC,-1.8672671783681887,0.7446647531037214,0.00130709,0.8474389502998814
373,ASAP1,-2.477512140626529,0.024856529407832933,6.39576e-05,0.5143046638430119
374,RECK,-1.9487004232991256,0.1755286149186935,0.000148898,0.5996890311157588
375,DNAJC7,-2.076300487405834,0.8316048773802017,0.000318923,0.8715620321725379
376,CAMK1G,-2.0974921017892076,2.064881900767744,0.000258286,0.9914612588516024
377,BIRC6,-2.7217988196918483,2.7759277660999917,0.000115194,0.9983275801900261
378,C1orf216,-2.026122994802785,0.6625854123616148,0.000796052,0.8213703290889383
379,RNASEH1,-2.3759189458169474,2.0719569988801267,0.000986382,0.9915980773857197
380,CORO1A,-1.7780465219801591,0.22653440079639145,0.00202559,0.6275252676170395
381,MAP7,-2.407450599141107,2.642408340604959,6.07328e-05,0.997726979380207
382,MAP2K4,-2.238133883837794,2.297413948912066,0.000243612,0.99498348720459
383,NLRC4,-2.272967828622694,1.5798726325366146,0.000108565,0.9743640958107352
384,ENTPD3,-2.466088539718818,2.2136640568486077,6.50446e-05,0.9939230076858772
385,PAN3,-2.6480336796899118,1.235025267034479,4.37636e-05,0.9449947516968378
386,GPX1,-1.883961617919268,1.2223410481076804,0.000108444,0.9434567278170651
387,NPAS2,-2.788913074742335,2.799440755971113,0.00012796,0.9984155789887144
388,LPCAT2,-2.2930103487094264,2.2382513751184927,3.71887e-05,0.9942555737358728
389,ALOX5,-1.7145063139271717,2.6834430779810043,0.00569212,0.9979314898842488
390,ITGAM,-1.8360096942312591,0.38146773457124916,0.00017614,0.7064826555155543
391,AP4E1,-2.3473264837512007,1.024130709172438,6.08875e-05,0.913579706890067
392,TP53BP2,-2.2118934665049106,1.4234755877969945,0.000163107,0.9636548936984353
393,DUSP10,-2.1312213188468276,4.5093386682230765,0.00048774,0.9999690509095281
394,NCAPH2,-2.1229884620319104,0.07261092408686137,0.000445611,0.5417011122696825
395,OLR1,-2.1992658579952398,1.7000760367175403,0.000573563,0.980441053832287
396,CASP1,-2.392279073698718,5.059432859740715,0.000204694,0.999991279058911
397,ARC,-2.4957920278052876,2.7891096515680402,0.000675454,0.9983774984039745
398,ABCC9,-2.264156330475477,0.20470728274500571,0.00012501,0.6157046384021041
399,ABCC4,-2.373709407727065,1.993387903664209,0.000444825,0.9899486415648847
400,HAVCR2,-2.087585270787879,1.4077243284210192,0.000350157,0.9623630342064108
401,ZNF512B,-2.1440004456309345,0.9743640551963555,0.000751762,0.9040932505330994
402,LAT2,-2.151690150992176,5.179668933469772,0.000773109,0.999993388070793
403,ATP9A,-3.0107869440167305,1.9067216226144064,8.07671e-05,0.9877558681994173
404,S100A11,-2.400154437045403,1.599803154881006,3.96916e-05,0.9754857960381281
405,APLP2,-2.4971298532958155,0.5760980319953268,5.83508e-05,0.7902635476297747
406,CEP128,-2.9120389978064374,0.12970211966774375,0.000153942,0.5741125058720272
407,PKD1L2,-2.345926570545773,4.25596345565676,0.000403604,0.9999445358379727
408,RYR2,-2.533981615583523,3.205376784459554,0.00012766,0.9993771941974375
409,DSC2,-2.2819128518504743,1.4655174725362585,0.000551481,0.966897340033625
410,FSTL3,-2.140194710360805,0.20738646010489506,0.00110537,0.6171632627619291
411,NTRK2,-2.678795294681548,0.11850241539242506,0.000117018,0.5677953606964684
412,DENND3,-2.777702392114502,2.658937171306169,0.000411467,0.9978116770716585
413,MICAL2,-2.7808434489284513,1.7995497521381039,0.00012793,0.9843824073388883
414,ARHGAP27,-2.200578279047292,2.0316755766887837,0.000291326,0.9907890248530113
415,ARHGAP26,-2.5644013205133094,0.5243739159224499,4.98029e-05,0.7698413430970967
416,ARHGAP25,-2.975963843717747,1.3218681718666925,8.86168e-05,0.9545103625274904
417,GOLGA7,-2.2878064632304724,1.762703302511976,0.000375652,0.9830230219779188
418,PTTG1IP,-2.1870038267980143,0.05765532355689203,0.000221388,0.5331404135676386
419,HHAT,-2.7491696175244784,2.1305748411048526,0.000233818,0.9926511092499887
420,MICALCL,-2.908611989365008,0.5154477033728777,9.65861e-05,0.7661794011970177
421,KCTD12,-2.1972548422220584,0.030405900968794922,0.00153554,0.5174958975178527
422,HK2,-2.1614496280090907,1.9685667255598682,0.000126171,0.9893637322713077
423,ENPP4,-2.329271892172649,0.2858503836919572,0.000267883,0.6588547660682667
424,NKX6-2,-2.1721223247877184,1.6921912559689107,0.0011433,0.9800898453421444
425,CD4,-2.102278672506306,0.8460791658272285,0.000361386,0.8752468826132298
426,KCTD17,-2.1348824943063063,1.0828216680022833,0.00127524,0.9236700149418221
427,SLC4A4,-3.186107956481843,0.6970612534733939,6.23354e-05,0.8327220135432749
428,ARPC1B,-2.1112432075636707,6.894627357913355,0.000206561,0.9999998725403896
429,ACSL1,-2.192198618547206,0.05965170977079306,0.000165343,0.534284400900743
430,CD2AP,-3.2186024244350477,1.7250194539309116,8.74043e-05,0.9815125754594974
431,TLR2,-2.5208523510514365,6.8809610125527,0.000395535,0.9999998684657265
432,PTMS,-2.073567130749881,0.43112947630980136,0.000858036,0.72962332042982
433,TLR5,-2.247660521655796,0.14033532201647114,0.00109773,0.5800878465021136
434,APP,-2.3384467937133615,0.5680830349149948,0.000821557,0.7871882634991838
435,KDM5B,-2.194531468278509,0.04545336638537723,0.000127753,0.5261412032681582
436,TRIM38,-1.6462171904882243,3.114733145786535,0.000982609,0.999232755972395
437,RASD1,-2.1716198007281826,0.7764889283388239,0.00188217,0.8566735257710478
438,SLC7A7,-2.0514509857303733,2.481504456527077,0.000438309,0.9967109930458916
439,PABPC4,-2.017044326538356,0.01200881726425594,0.00105901,0.506912390477902
440,SLAIN1,-2.194071642632375,0.06914718287741853,0.00027505,0.539720443659566
441,DNM1,-2.042542957297419,1.5933226655792396,0.000253134,0.9751264221817123
442,C1QA,-2.233439889991621,1.827337273373973,0.000400405,0.9853361788240305
443,KLHDC4,-2.8736336375973384,1.3485775535871507,8.60979e-05,0.9571073292929131
444,TGFA,-2.861476555255569,3.4916755536117416,0.000109649,0.9996777562705483
445,PREX1,-2.9984574266443333,1.5753480480382798,6.62405e-05,0.974102571553131
446,SCD,-2.169566314933775,2.5915172613539874,0.000797461,0.9974451127125794
447,THBS4,-2.649899383861756,0.09571266575828379,8.23215e-05,0.5548747124629804
448,CAP1,-2.385352947655028,0.4696171649396566,7.68528e-05,0.7467462497358356
449,NPC1,-1.7894718758876742,0.8512706880494703,0.00198383,0.8765462844929923
450,HTR2A,-2.1559804567809597,0.5224395984411155,0.000141171,0.7690512222068089
451,TTC5,-1.9116782097985454,3.5824793061713245,0.00435127,0.9997385388735841
452,C1QL1,-1.8842826752217,0.41015394501470515,0.00143018,0.7199904744587794
453,TMEM98,-2.230172711780479,2.104943666482572,0.000252489,0.9922078199490731
454,LNX1,-2.682684327370488,1.5481557726279418,0.00028773,0.9724752868932257
455,MN1,-2.0222324703266485,0.025912181908436024,0.000461674,0.5149118274761355
456,FAT4,-2.8513197575635774,0.14082482727134202,9.12116e-05,0.580362374100372
457,NHSL1,-2.748221348985752,1.5425929639357427,5.51945e-05,0.9721303485374442
458,ASIC2,-2.4437672101370236,0.6747580033316142,0.000165261,0.8254457151277861
459,RHOC,-2.0896919664532305,1.7265648044959123,0.00148097,0.9815770326037224
460,PLEK,-2.2624172463533374,1.3564864782696888,0.000101536,0.9578487499679493
461,ABCG1,-2.506162492229268,5.192894132409611,0.000152571,0.9999935863821073
462,LRIG3,-2.2331454536088278,1.4173298423605443,0.00114488,0.9631559984937021
463,VAV1,-2.021174941781359,1.2088005275308347,0.000183858,0.941770311351327
464,SDC2,-3.233795158118518,1.9573161817316973,7.2334e-05,0.9890876422841994
465,HMOX1,-2.415361327695324,4.687340305076027,0.000130525,0.9999794576193045
466,SNCB,-1.9981432556097163,0.044662825159488564,0.000929586,0.525687353603596
467,IL17RA,-1.7532901628841973,0.00955846484844431,0.0123698,0.5055020725676385
468,GPC5,-2.1380649327478323,2.403931468984336,0.00727671,0.9960703078861605
469,CLDN10,-2.4912344174811016,0.27451002013677356,0.000215609,0.6529615535143743
470,CLDN11,-1.9665152032538513,1.897889676867388,0.000636377,0.9875074611482454
471,ACE,-2.4159835428025,1.9947045316735057,0.00020131,0.9899787626954957
472,NCAM1,-3.1555464598079626,2.3742976838311076,7.18419e-05,0.9957939753790203
473,SORL1,-3.044614145348916,2.3223191515034665,9.86102e-05,0.9952617479286373
474,MTHFD2L,-2.239827302683801,3.970270806340101,2.18172e-05,0.9998929263297314
475,FZD6,-2.4320596090562274,2.038612177332476,0.000162571,0.9909336516886591
476,HUS1,-2.357216807626286,0.17092872308667473,0.000132372,0.5971437155101168
477,SLA,-2.5781232815913517,2.3392204784506214,0.000168833,0.9954417789143233
478,REEP1,-2.7983782599431213,0.10336822933717671,0.000136119,0.5592242083854715
479,TCF20,-1.7059812920888022,4.297241305822222,0.000113662,0.9999495644466823
480,DNPEP,-2.0805199689802545,1.5374385985977086,0.000368077,0.9718069916060527
481,DCLK1,-2.575975988319697,1.5920405823546429,0.000199143,0.975054718682076
482,COL9A1,-1.3965648988584338,2.0713463549743896,0.0132262,0.9915863549383209
483,FERMT2,-2.12788073071876,0.793136265261832,0.000182841,0.8613160301843991
484,FERMT3,-2.1036280465822523,0.8133066679074994,0.00113196,0.8667712828046898
485,S100A4,-2.648028376005263,0.6780468828623955,4.57987e-05,0.8265341728899531
486,TGFBRAP1,-2.2461460010377126,0.7494014511561642,0.000106662,0.8488436923636046
487,ID4,-2.3138683777249534,0.042249384211253516,0.00142978,0.5243015378919196
488,RIN1,-1.844555615904093,0.12672619624123774,0.00110449,0.5724362193830466
489,RIN3,-2.6477848513676574,1.8505022488237497,9.90865e-05,0.9860872464200348
490,RGS19,-2.1632092922413815,0.9664943609498102,0.00123759,0.9025104879807087
491,PIAS2,-2.7587055446507898,1.8795801348028793,0.000132899,0.9869765306914313
492,CTGF,-2.35416305318452,0.6550757032345219,0.000280053,0.8188191516837086
493,OXCT1,-2.575063005074503,1.967337943956907,8.98029e-05,0.9893339171154705
494,STEAP3,-2.157059709587736,5.119550088285563,0.000352523,0.9999924064192803
495,C9orf16,-2.3076921670364245,0.05426732720194949,0.00054102,0.5311982017171506
496,CD55,-2.0999082485099456,2.4426311881799148,0.000314533,0.9964041271263413
497,ADAM10,-2.7496368298686615,4.192435350146509,7.43371e-05,0.9999357997429195
498,UNC93B1,-2.26737643004843,2.7558936026169234,0.000184096,0.9982487619788267
499,CUL4A,-2.557524097870351,0.8109154191784954,3.51928e-05,0.8661341651640704
500,KIAA2012,-3.0538395527594377,0.05148723904663832,9.35664e-05,0.5296037719997669
501,CPNE2,-2.031745917918249,1.2236497942502265,0.000310578,0.9436172716819172
502,KCNK6,-2.1061070035439764,0.30439990908898695,0.000500684,0.6683887670088893
503,TMEM183A,-2.1204720055484287,0.17609526019841712,0.000753326,0.6000022111111514
504,GLI3,-2.5241574933540747,0.19681682909220577,0.000135417,0.6113968220395185
505,ZNF416,-1.9457750143705397,0.36445114207563106,0.00138155,0.698292437308088
506,LDHB,-2.134804446200904,0.21062053060613356,0.00137081,0.6189211786454067
507,HSD11B1,-2.1298462019765165,2.3928898623305033,0.000149411,0.995969525407323
508,ICK,-2.0803939736246204,0.6495748686216604,0.000530974,0.8169324812242837
509,ANLN,-2.5289798371960415,0.36269275429447645,0.000149997,0.6974387435574895
510,PTCH2,-2.0546738674352705,0.12537050266662667,0.000300232,0.5716720263053252
511,TMEM165,-2.1859517252876777,0.42455095717843033,0.000407141,0.7266247334614557
512,NR2E1,-2.4123074121800165,2.188914326147654,0.000745946,0.9935689235370438
513,SSBP2,-2.8048447355516686,0.19072984220540137,4.85798e-05,0.6080616437114331
514,RASA2,-2.2783865332247935,0.8576760220894277,0.000102567,0.8781334544315963
515,SLCO1C1,-2.7013514898714366,3.944117779715089,9.45114e-05,0.9998862810529078
516,IFITM10,-2.24504010802758,4.016084881046497,0.000637675,0.999903645218572
517,SLC40A1,-2.2789836491357724,0.23942728330568153,0.000319763,0.634437541063598
518,PEMT,-2.283039042469458,0.20892542184209187,0.000103535,0.6180001683292509
519,SLC7A11,-1.9648521722434076,3.1698390376672854,0.00434048,0.9993241235198651
520,PCDH7,-2.742702562957375,0.00495653621548226,9.64823e-05,0.5028531806311045
521,PLEKHM3,-3.0462812446710585,1.3999497726169274,0.000119614,0.9617092374784976
522,PTPRC,-2.2470598859571234,3.1180191544039095,0.000118451,0.9992385348714556
523,CARTPT,-2.035140728664672,0.7238546482541914,0.00312089,0.8411402831695108
524,ARHGEF40,-2.0837001469820136,0.7141620286505828,0.00161852,0.8381353134229472
525,AMER2,-2.7671011962217866,0.9289267192096002,0.00020494,0.8946300524851426
526,FOLR2,-2.160962521901174,3.8679764396787304,0.00118985,0.9998644920715983
