,refsnp_id,ensembl_gene_stable_id,distance_to_transcript,sift_score,clinical_significance,polyphen_score,phenotype_name,p_value,phenotype,external_gene_name
1,rs10067176,,NA,NA,NA,NA,NA,7e-06,SWB,NA
2,rs10176315,ENSG00000178568,201154,NA,NA,NA,NA,9e-06,SWB1000G,ERBB4
3,rs10176315,ENSG00000178568,201150,NA,NA,NA,NA,9e-06,SWB1000G,ERBB4
4,rs10176315,ENSG00000178568,15109,NA,NA,NA,NA,9e-06,SWB1000G,ERBB4
5,rs10508258,,NA,NA,NA,NA,NA,1e-06,SWB1000G,NA
6,rs10769190,ENSG00000255314,6366,NA,NA,NA,NA,2e-06,PA,AC024475.4
7,rs10795061,,NA,NA,NA,NA,NA,5e-06,SWB,NA
8,rs10830201,ENSG00000168959,19148,NA,NA,NA,NA,2e-10,SWB1000G,GRM5
9,rs10830201,ENSG00000168959,18496,NA,NA,NA,NA,2e-10,SWB1000G,GRM5
10,rs10830201,ENSG00000168959,37071,NA,NA,NA,NA,2e-10,SWB1000G,GRM5
11,rs10830201,ENSG00000168959,34774,NA,NA,NA,NA,2e-10,SWB1000G,GRM5
12,rs10830201,ENSG00000168959,19148,NA,NA,NA,NA,6e-06,SWB1000G,GRM5
13,rs10830201,ENSG00000168959,18496,NA,NA,NA,NA,6e-06,SWB1000G,GRM5
14,rs10830201,ENSG00000168959,37071,NA,NA,NA,NA,6e-06,SWB1000G,GRM5
15,rs10830201,ENSG00000168959,34774,NA,NA,NA,NA,6e-06,SWB1000G,GRM5
16,rs10830201,ENSG00000168959,19148,NA,NA,NA,NA,3e-11,SWB1000G,GRM5
17,rs10830201,ENSG00000168959,18496,NA,NA,NA,NA,3e-11,SWB1000G,GRM5
18,rs10830201,ENSG00000168959,37071,NA,NA,NA,NA,3e-11,SWB1000G,GRM5
19,rs10830201,ENSG00000168959,34774,NA,NA,NA,NA,3e-11,SWB1000G,GRM5
20,rs1085719,,NA,NA,NA,NA,NA,7e-06,SWB,NA
21,rs1085719,,NA,NA,NA,NA,NA,7e-06,SWB1000G,NA
22,rs10958960,ENSG00000153707,388983,NA,NA,NA,NA,9e-06,SWB,PTPRD
23,rs10958960,ENSG00000282932,388983,NA,NA,NA,NA,9e-06,SWB,PTPRD
24,rs11073619,ENSG00000176700,1870,NA,NA,NA,NA,1e-06,PA,SCAND2P
25,rs11073619,ENSG00000177082,6327,0.56,NA,0,NA,1e-06,PA,WDR73
26,rs11073619,ENSG00000177082,2840,NA,NA,NA,NA,1e-06,PA,WDR73
27,rs11073619,ENSG00000177082,2553,NA,NA,NA,NA,1e-06,PA,WDR73
28,rs11073619,ENSG00000177082,2526,NA,NA,NA,NA,1e-06,PA,WDR73
29,rs11073619,ENSG00000177082,2463,NA,NA,NA,NA,1e-06,PA,WDR73
30,rs11073619,ENSG00000177082,653,NA,NA,NA,NA,1e-06,PA,WDR73
31,rs11073619,ENSG00000177082,139,NA,NA,NA,NA,1e-06,PA,WDR73
32,rs11073619,ENSG00000177082,30,NA,NA,NA,NA,1e-06,PA,WDR73
33,rs111443797,ENSG00000175497,71438,NA,NA,NA,NA,2e-06,SWB1000G,DPP10
34,rs111443797,ENSG00000175497,417621,NA,NA,NA,NA,2e-06,SWB1000G,DPP10
35,rs111443797,ENSG00000175497,152112,NA,NA,NA,NA,2e-06,SWB1000G,DPP10
36,rs111443797,ENSG00000175497,415196,NA,NA,NA,NA,2e-06,SWB1000G,DPP10
37,rs111443797,ENSG00000175497,311698,NA,NA,NA,NA,2e-06,SWB1000G,DPP10
38,rs111443797,ENSG00000175497,266529,NA,NA,NA,NA,2e-06,SWB1000G,DPP10
39,rs111443797,ENSG00000175497,266024,NA,NA,NA,NA,2e-06,SWB1000G,DPP10
40,rs111443797,ENSG00000175497,98255,NA,NA,NA,NA,2e-06,SWB1000G,DPP10
41,rs111443797,ENSG00000175497,261750,NA,NA,NA,NA,2e-06,SWB1000G,DPP10
42,rs111443797,ENSG00000175497,97841,NA,NA,NA,NA,2e-06,SWB1000G,DPP10
43,rs11176342,,NA,NA,NA,NA,NA,5e-06,SWB1000G,NA
44,rs11216168,ENSG00000160584,27435,NA,NA,NA,NA,4e-07,SWB,SIK3
45,rs11216168,ENSG00000160584,27435,NA,NA,NA,NA,4e-07,SWB,SIK3
46,rs11216168,ENSG00000160584,25244,NA,NA,NA,NA,4e-07,SWB,SIK3
47,rs11216168,ENSG00000160584,25244,NA,NA,NA,NA,4e-07,SWB,SIK3
48,rs11216168,ENSG00000160584,2835,NA,NA,NA,NA,4e-07,SWB,SIK3
49,rs11216168,ENSG00000160584,2835,NA,NA,NA,NA,4e-07,SWB,SIK3
50,rs11216168,ENSG00000160584,2045,NA,NA,NA,NA,4e-07,SWB,SIK3
51,rs11216168,ENSG00000160584,2045,NA,NA,NA,NA,4e-07,SWB,SIK3
52,rs11216168,ENSG00000160584,27435,NA,NA,NA,NA,2.053e-14,SWB,SIK3
53,rs11216168,ENSG00000160584,27435,NA,NA,NA,NA,2.053e-14,SWB,SIK3
54,rs11216168,ENSG00000160584,25244,NA,NA,NA,NA,2.053e-14,SWB,SIK3
55,rs11216168,ENSG00000160584,25244,NA,NA,NA,NA,2.053e-14,SWB,SIK3
56,rs11216168,ENSG00000160584,2835,NA,NA,NA,NA,2.053e-14,SWB,SIK3
57,rs11216168,ENSG00000160584,2835,NA,NA,NA,NA,2.053e-14,SWB,SIK3
58,rs11216168,ENSG00000160584,2045,NA,NA,NA,NA,2.053e-14,SWB,SIK3
59,rs11216168,ENSG00000160584,2045,NA,NA,NA,NA,2.053e-14,SWB,SIK3
60,rs11216168,ENSG00000160584,27435,NA,NA,NA,NA,2.516e-10,SWB,SIK3
61,rs11216168,ENSG00000160584,27435,NA,NA,NA,NA,2.516e-10,SWB,SIK3
62,rs11216168,ENSG00000160584,25244,NA,NA,NA,NA,2.516e-10,SWB,SIK3
63,rs11216168,ENSG00000160584,25244,NA,NA,NA,NA,2.516e-10,SWB,SIK3
64,rs11216168,ENSG00000160584,2835,NA,NA,NA,NA,2.516e-10,SWB,SIK3
65,rs11216168,ENSG00000160584,2835,NA,NA,NA,NA,2.516e-10,SWB,SIK3
66,rs11216168,ENSG00000160584,2045,NA,NA,NA,NA,2.516e-10,SWB,SIK3
67,rs11216168,ENSG00000160584,2045,NA,NA,NA,NA,2.516e-10,SWB,SIK3
68,rs11245339,ENSG00000233334,2856,NA,NA,NA,NA,1e-06,SWB,FAM53B-AS1
69,rs11245339,ENSG00000233334,2856,NA,NA,NA,NA,1e-06,SWB1000G,FAM53B-AS1
70,rs11245339,ENSG00000233334,2342,NA,NA,NA,NA,1e-06,SWB,FAM53B-AS1
71,rs11245339,ENSG00000233334,2342,NA,NA,NA,NA,1e-06,SWB1000G,FAM53B-AS1
72,rs11245339,ENSG00000258539,80366,NA,NA,NA,NA,1e-06,SWB,AC068896.1
73,rs11245339,ENSG00000258539,80366,NA,NA,NA,NA,1e-06,SWB1000G,AC068896.1
74,rs11245339,ENSG00000189319,32689,NA,NA,NA,NA,1e-06,SWB,FAM53B
75,rs11245339,ENSG00000189319,32689,NA,NA,NA,NA,1e-06,SWB1000G,FAM53B
76,rs11245339,ENSG00000189319,31609,NA,NA,NA,NA,1e-06,SWB,FAM53B
77,rs11245339,ENSG00000189319,31609,NA,NA,NA,NA,1e-06,SWB1000G,FAM53B
78,rs11245339,ENSG00000189319,32908,NA,NA,NA,NA,1e-06,SWB,FAM53B
79,rs11245339,ENSG00000189319,32908,NA,NA,NA,NA,1e-06,SWB1000G,FAM53B
80,rs11245539,,NA,NA,NA,NA,NA,8e-06,SWB,NA
81,rs1124609,ENSG00000140284,11624,NA,NA,NA,NA,3e-06,SWB1000G,SLC27A2
82,rs1124609,ENSG00000140284,11587,NA,NA,NA,NA,3e-06,SWB1000G,SLC27A2
83,rs1124609,ENSG00000140284,2819,NA,NA,NA,NA,3e-06,SWB1000G,SLC27A2
84,rs1135436,ENSG00000182010,13438,NA,NA,NA,NA,2e-06,PA,RTKN2
85,rs1135436,ENSG00000182010,3279,NA,NA,NA,NA,2e-06,PA,RTKN2
86,rs113959751,,NA,NA,NA,NA,NA,9e-06,SWB1000G,NA
87,rs115590131,,NA,NA,NA,NA,NA,6e-06,SWB1000G,NA
88,rs11612312,ENSG00000135503,3637,NA,NA,NA,NA,6e-08,PA,ACVR1B
89,rs11612312,ENSG00000135503,3603,NA,NA,NA,NA,6e-08,PA,ACVR1B
90,rs11612312,ENSG00000135503,3602,NA,NA,NA,NA,6e-08,PA,ACVR1B
91,rs11612312,ENSG00000135503,3598,NA,NA,NA,NA,6e-08,PA,ACVR1B
92,rs11612312,ENSG00000135503,3560,NA,NA,NA,NA,6e-08,PA,ACVR1B
93,rs11612312,ENSG00000135503,1924,NA,NA,NA,NA,6e-08,PA,ACVR1B
94,rs11644362,,NA,NA,NA,NA,NA,7e-06,SWB,NA
95,rs11644362,,NA,NA,NA,NA,NA,7e-06,PA,NA
96,rs11651406,,NA,NA,NA,NA,NA,9e-06,PA,NA
97,rs11671324,,NA,NA,NA,NA,NA,8e-07,PA,NA
98,rs11721082,ENSG00000144712,14575,NA,NA,NA,NA,8e-06,SWB1000G,CAND2
99,rs11721082,ENSG00000144712,2045,NA,NA,NA,NA,8e-06,SWB1000G,CAND2
100,rs11721082,ENSG00000144712,14367,NA,NA,NA,NA,8e-06,SWB1000G,CAND2
101,rs11807971,,NA,NA,NA,NA,NA,2e-06,SWB,NA
102,rs12045438,ENSG00000232912,1199,NA,NA,NA,NA,2e-06,SWB1000G,AL096855.1
103,rs12045438,ENSG00000232912,206,NA,NA,NA,NA,2e-06,SWB1000G,AL096855.1
104,rs12045438,ENSG00000142599,73447,NA,NA,NA,NA,2e-06,SWB1000G,RERE
105,rs12045438,ENSG00000142599,73447,NA,NA,NA,NA,2e-06,SWB1000G,RERE
106,rs12045438,ENSG00000142599,73438,NA,NA,NA,NA,2e-06,SWB1000G,RERE
107,rs12045438,ENSG00000142599,73438,NA,NA,NA,NA,2e-06,SWB1000G,RERE
108,rs12045438,ENSG00000142599,71901,NA,NA,NA,NA,2e-06,SWB1000G,RERE
109,rs12045438,ENSG00000142599,71901,NA,NA,NA,NA,2e-06,SWB1000G,RERE
110,rs12045438,ENSG00000142599,71218,NA,NA,NA,NA,2e-06,SWB1000G,RERE
111,rs12045438,ENSG00000142599,71218,NA,NA,NA,NA,2e-06,SWB1000G,RERE
112,rs12045438,ENSG00000142599,3054,NA,NA,NA,NA,2e-06,SWB1000G,RERE
113,rs12045438,ENSG00000142599,3054,NA,NA,NA,NA,2e-06,SWB1000G,RERE
114,rs12125335,ENSG00000075151,117907,NA,NA,NA,NA,7e-07,SWB1000G,EIF4G3
115,rs12125335,ENSG00000075151,117904,NA,NA,NA,NA,7e-07,SWB1000G,EIF4G3
116,rs12125335,ENSG00000075151,117893,NA,NA,NA,NA,7e-07,SWB1000G,EIF4G3
117,rs12125335,ENSG00000075151,115794,NA,NA,NA,NA,7e-07,SWB1000G,EIF4G3
118,rs12125335,ENSG00000075151,108937,NA,NA,NA,NA,7e-07,SWB1000G,EIF4G3
119,rs12125335,ENSG00000075151,89469,NA,NA,NA,NA,7e-07,SWB1000G,EIF4G3
120,rs12125335,ENSG00000075151,117945,NA,NA,NA,NA,7e-07,SWB1000G,EIF4G3
121,rs12168402,,NA,NA,NA,NA,NA,2e-06,SWB1000G,NA
122,rs12298541,ENSG00000149948,53634,NA,NA,NA,NA,9e-07,SWB,HMGA2
123,rs12298541,ENSG00000149948,53634,NA,NA,NA,NA,9e-07,LS,HMGA2
124,rs12298541,ENSG00000149948,2786,NA,NA,NA,NA,9e-07,SWB,HMGA2
125,rs12298541,ENSG00000149948,2786,NA,NA,NA,NA,9e-07,LS,HMGA2
126,rs12298541,ENSG00000149948,2866,NA,NA,NA,NA,9e-07,SWB,HMGA2
127,rs12298541,ENSG00000149948,2866,NA,NA,NA,NA,9e-07,LS,HMGA2
128,rs12298541,ENSG00000149948,46193,NA,NA,NA,NA,9e-07,SWB,HMGA2
129,rs12298541,ENSG00000149948,46193,NA,NA,NA,NA,9e-07,LS,HMGA2
130,rs12298541,ENSG00000149948,39875,NA,NA,NA,NA,9e-07,SWB,HMGA2
131,rs12298541,ENSG00000149948,39875,NA,NA,NA,NA,9e-07,LS,HMGA2
132,rs12298541,ENSG00000149948,50749,NA,NA,NA,NA,9e-07,SWB,HMGA2
133,rs12298541,ENSG00000149948,50749,NA,NA,NA,NA,9e-07,LS,HMGA2
134,rs12298541,ENSG00000149948,53634,NA,NA,NA,NA,1.983e-18,SWB,HMGA2
135,rs12298541,ENSG00000149948,53634,NA,NA,NA,NA,1.983e-18,LS,HMGA2
136,rs12298541,ENSG00000149948,2786,NA,NA,NA,NA,1.983e-18,SWB,HMGA2
137,rs12298541,ENSG00000149948,2786,NA,NA,NA,NA,1.983e-18,LS,HMGA2
138,rs12298541,ENSG00000149948,2866,NA,NA,NA,NA,1.983e-18,SWB,HMGA2
139,rs12298541,ENSG00000149948,2866,NA,NA,NA,NA,1.983e-18,LS,HMGA2
140,rs12298541,ENSG00000149948,46193,NA,NA,NA,NA,1.983e-18,SWB,HMGA2
141,rs12298541,ENSG00000149948,46193,NA,NA,NA,NA,1.983e-18,LS,HMGA2
142,rs12298541,ENSG00000149948,39875,NA,NA,NA,NA,1.983e-18,SWB,HMGA2
143,rs12298541,ENSG00000149948,39875,NA,NA,NA,NA,1.983e-18,LS,HMGA2
144,rs12298541,ENSG00000149948,50749,NA,NA,NA,NA,1.983e-18,SWB,HMGA2
145,rs12298541,ENSG00000149948,50749,NA,NA,NA,NA,1.983e-18,LS,HMGA2
146,rs12298541,ENSG00000149948,53634,NA,NA,NA,NA,5e-06,SWB,HMGA2
147,rs12298541,ENSG00000149948,53634,NA,NA,NA,NA,5e-06,LS,HMGA2
148,rs12298541,ENSG00000149948,2786,NA,NA,NA,NA,5e-06,SWB,HMGA2
149,rs12298541,ENSG00000149948,2786,NA,NA,NA,NA,5e-06,LS,HMGA2
150,rs12298541,ENSG00000149948,2866,NA,NA,NA,NA,5e-06,SWB,HMGA2
151,rs12298541,ENSG00000149948,2866,NA,NA,NA,NA,5e-06,LS,HMGA2
152,rs12298541,ENSG00000149948,46193,NA,NA,NA,NA,5e-06,SWB,HMGA2
153,rs12298541,ENSG00000149948,46193,NA,NA,NA,NA,5e-06,LS,HMGA2
154,rs12298541,ENSG00000149948,39875,NA,NA,NA,NA,5e-06,SWB,HMGA2
155,rs12298541,ENSG00000149948,39875,NA,NA,NA,NA,5e-06,LS,HMGA2
156,rs12298541,ENSG00000149948,50749,NA,NA,NA,NA,5e-06,SWB,HMGA2
157,rs12298541,ENSG00000149948,50749,NA,NA,NA,NA,5e-06,LS,HMGA2
158,rs12424970,ENSG00000110975,29184,NA,NA,NA,NA,7e-06,LS,SYT10
159,rs12424970,ENSG00000110975,27149,NA,NA,NA,NA,7e-06,LS,SYT10
160,rs12608181,,NA,NA,NA,NA,NA,5e-06,SWB1000G,NA
161,rs12608181,,NA,NA,NA,NA,NA,2e-08,SWB1000G,NA
162,rs12610177,ENSG00000099875,2605,NA,NA,NA,NA,3e-06,SWB1000G,MKNK2
163,rs12610177,ENSG00000099875,2942,NA,NA,NA,NA,3e-06,SWB1000G,MKNK2
164,rs12610177,ENSG00000099875,2571,NA,NA,NA,NA,3e-06,SWB1000G,MKNK2
165,rs12610177,ENSG00000099875,1821,NA,NA,NA,NA,3e-06,SWB1000G,MKNK2
166,rs12610177,ENSG00000099875,1760,NA,NA,NA,NA,3e-06,SWB1000G,MKNK2
167,rs12610177,ENSG00000099875,2962,NA,NA,NA,NA,3e-06,SWB1000G,MKNK2
168,rs12726220,,NA,NA,NA,NA,NA,2e-06,SWB,NA
169,rs12754538,ENSG00000142599,61356,NA,NA,NA,NA,3e-06,SWB,RERE
170,rs12754538,ENSG00000142599,61356,NA,NA,NA,NA,3e-06,SWB,RERE
171,rs12754538,ENSG00000142599,61347,NA,NA,NA,NA,3e-06,SWB,RERE
172,rs12754538,ENSG00000142599,61347,NA,NA,NA,NA,3e-06,SWB,RERE
173,rs12754538,ENSG00000142599,59810,NA,NA,NA,NA,3e-06,SWB,RERE
174,rs12754538,ENSG00000142599,59810,NA,NA,NA,NA,3e-06,SWB,RERE
175,rs12754538,ENSG00000142599,9913,NA,NA,NA,NA,3e-06,SWB,RERE
176,rs12754538,ENSG00000142599,9913,NA,NA,NA,NA,3e-06,SWB,RERE
177,rs12754538,ENSG00000142599,59127,NA,NA,NA,NA,3e-06,SWB,RERE
178,rs12754538,ENSG00000142599,59127,NA,NA,NA,NA,3e-06,SWB,RERE
179,rs12754538,ENSG00000142599,11459,NA,NA,NA,NA,3e-06,SWB,RERE
180,rs12754538,ENSG00000142599,11459,NA,NA,NA,NA,3e-06,SWB,RERE
181,rs12754538,ENSG00000142599,9666,NA,NA,NA,NA,3e-06,SWB,RERE
182,rs12754538,ENSG00000142599,9666,NA,NA,NA,NA,3e-06,SWB,RERE
183,rs12754538,ENSG00000142599,10481,NA,NA,NA,NA,3e-06,SWB,RERE
184,rs12754538,ENSG00000142599,10481,NA,NA,NA,NA,3e-06,SWB,RERE
185,rs12960472,,NA,NA,NA,NA,NA,1e-06,PA,NA
186,rs13041414,,NA,NA,NA,NA,NA,2e-06,SWB1000G,NA
187,rs13102973,,NA,NA,NA,NA,NA,3e-06,SWB,NA
188,rs13184992,ENSG00000249856,46556,NA,NA,NA,NA,8e-06,LS,AC116337.3
189,rs13185787,ENSG00000158985,28123,NA,NA,NA,NA,2e-08,SWB1000G,CDC42SE2
190,rs13185787,ENSG00000158985,28123,NA,NA,NA,NA,2e-08,SWB1000G,CDC42SE2
191,rs13185787,ENSG00000158985,28116,NA,NA,NA,NA,2e-08,SWB1000G,CDC42SE2
192,rs13185787,ENSG00000158985,28116,NA,NA,NA,NA,2e-08,SWB1000G,CDC42SE2
193,rs13185787,ENSG00000158985,28091,NA,NA,NA,NA,2e-08,SWB1000G,CDC42SE2
194,rs13185787,ENSG00000158985,28091,NA,NA,NA,NA,2e-08,SWB1000G,CDC42SE2
195,rs13185787,ENSG00000158985,46698,NA,NA,NA,NA,2e-08,SWB1000G,CDC42SE2
196,rs13185787,ENSG00000158985,46698,NA,NA,NA,NA,2e-08,SWB1000G,CDC42SE2
197,rs13185787,ENSG00000158985,39164,NA,NA,NA,NA,2e-08,SWB1000G,CDC42SE2
198,rs13185787,ENSG00000158985,39164,NA,NA,NA,NA,2e-08,SWB1000G,CDC42SE2
199,rs13185787,ENSG00000158985,28525,NA,NA,NA,NA,2e-08,SWB1000G,CDC42SE2
200,rs13185787,ENSG00000158985,28525,NA,NA,NA,NA,2e-08,SWB1000G,CDC42SE2
201,rs13185787,ENSG00000158985,28129,NA,NA,NA,NA,2e-08,SWB1000G,CDC42SE2
202,rs13185787,ENSG00000158985,28129,NA,NA,NA,NA,2e-08,SWB1000G,CDC42SE2
203,rs13185787,ENSG00000158985,28182,NA,NA,NA,NA,2e-08,SWB1000G,CDC42SE2
204,rs13185787,ENSG00000158985,28182,NA,NA,NA,NA,2e-08,SWB1000G,CDC42SE2
205,rs13235506,ENSG00000205628,62499,NA,NA,NA,NA,4e-07,PA,LINC01446
206,rs139049023,,NA,NA,NA,NA,NA,7e-07,SWB1000G,NA
207,rs1433188,ENSG00000154188,77034,NA,NA,NA,NA,8e-06,SWB1000G,ANGPT1
208,rs1433188,ENSG00000154188,77079,NA,NA,NA,NA,8e-06,SWB1000G,ANGPT1
209,rs1433188,ENSG00000154188,73993,NA,NA,NA,NA,8e-06,SWB1000G,ANGPT1
210,rs144998313,ENSG00000272888,7965,NA,NA,NA,NA,4e-07,SWB1000G,LINC01578
211,rs144998313,ENSG00000272888,6239,NA,NA,NA,NA,4e-07,SWB1000G,LINC01578
212,rs144998313,ENSG00000272888,298,NA,NA,NA,NA,4e-07,SWB1000G,LINC01578
213,rs144998313,ENSG00000272888,6394,NA,NA,NA,NA,4e-07,SWB1000G,LINC01578
214,rs144998313,ENSG00000272888,3980,NA,NA,NA,NA,4e-07,SWB1000G,LINC01578
215,rs144998313,ENSG00000279765,8323,NA,NA,NA,NA,4e-07,SWB1000G,AC013394.1
216,rs144998313,ENSG00000279765,5533,NA,NA,NA,NA,4e-07,SWB1000G,AC013394.1
217,rs147158068,,NA,NA,NA,NA,NA,1e-07,SWB1000G,NA
218,rs1480570,ENSG00000140836,249028,NA,NA,NA,NA,7e-07,SWB,ZFHX3
219,rs1480570,ENSG00000140836,34187,NA,NA,NA,NA,7e-07,SWB,ZFHX3
220,rs1484140,ENSG00000156269,12029,NA,NA,NA,NA,3e-06,SWB,NAA11
221,rs1484140,ENSG00000156269,12029,NA,NA,NA,NA,3e-06,SWB,NAA11
222,rs1484140,ENSG00000156269,11974,NA,NA,NA,NA,3e-06,SWB,NAA11
223,rs1484140,ENSG00000156269,11974,NA,NA,NA,NA,3e-06,SWB,NAA11
224,rs1493916,,NA,NA,NA,NA,NA,8e-06,LS,NA
225,rs149797950,,NA,NA,NA,NA,NA,2e-06,SWB1000G,NA
226,rs149934137,ENSG00000010072,5570,NA,NA,NA,NA,9e-06,SWB1000G,SPRTN
227,rs149934137,ENSG00000010072,7461,NA,NA,NA,NA,9e-06,SWB1000G,SPRTN
228,rs149934137,ENSG00000010072,4959,NA,NA,NA,NA,9e-06,SWB1000G,SPRTN
229,rs149934137,ENSG00000010072,5202,NA,NA,NA,NA,9e-06,SWB1000G,SPRTN
230,rs1538482,ENSG00000124207,7993,NA,NA,NA,NA,1e-06,PA,CSE1L
231,rs1538482,ENSG00000124207,8001,NA,NA,NA,NA,1e-06,PA,CSE1L
232,rs1581640,,NA,NA,NA,NA,NA,2e-06,LS,NA
233,rs1654345,ENSG00000105738,126420,NA,NA,NA,NA,1e-07,SWB,SIPA1L3
234,rs1654345,ENSG00000105738,126420,NA,NA,NA,NA,1e-07,SWB,SIPA1L3
235,rs1654345,ENSG00000105738,126420,NA,NA,NA,NA,1e-07,LS,SIPA1L3
236,rs1654345,ENSG00000105738,126420,NA,NA,NA,NA,1e-07,LS,SIPA1L3
237,rs1654345,ENSG00000105738,47800,NA,NA,NA,NA,1e-07,SWB,SIPA1L3
238,rs1654345,ENSG00000105738,47800,NA,NA,NA,NA,1e-07,SWB,SIPA1L3
239,rs1654345,ENSG00000105738,47800,NA,NA,NA,NA,1e-07,LS,SIPA1L3
240,rs1654345,ENSG00000105738,47800,NA,NA,NA,NA,1e-07,LS,SIPA1L3
241,rs1654345,ENSG00000105738,126420,NA,NA,NA,NA,4e-06,SWB,SIPA1L3
242,rs1654345,ENSG00000105738,126420,NA,NA,NA,NA,4e-06,SWB,SIPA1L3
243,rs1654345,ENSG00000105738,126420,NA,NA,NA,NA,4e-06,LS,SIPA1L3
244,rs1654345,ENSG00000105738,126420,NA,NA,NA,NA,4e-06,LS,SIPA1L3
245,rs1654345,ENSG00000105738,47800,NA,NA,NA,NA,4e-06,SWB,SIPA1L3
246,rs1654345,ENSG00000105738,47800,NA,NA,NA,NA,4e-06,SWB,SIPA1L3
247,rs1654345,ENSG00000105738,47800,NA,NA,NA,NA,4e-06,LS,SIPA1L3
248,rs1654345,ENSG00000105738,47800,NA,NA,NA,NA,4e-06,LS,SIPA1L3
249,rs16928444,ENSG00000169126,10308,NA,NA,NA,NA,4e-06,LS,ARMC4
250,rs17113771,ENSG00000249484,73889,NA,NA,NA,NA,5e-06,LS,LINC01470
251,rs17113771,ENSG00000249484,73889,NA,NA,NA,NA,5e-06,LS,LINC01470
252,rs17113771,ENSG00000249484,277955,NA,NA,NA,NA,5e-06,LS,LINC01470
253,rs17113771,ENSG00000249484,277955,NA,NA,NA,NA,5e-06,LS,LINC01470
254,rs17113771,ENSG00000249484,13033,NA,NA,NA,NA,5e-06,LS,LINC01470
255,rs17113771,ENSG00000249484,13033,NA,NA,NA,NA,5e-06,LS,LINC01470
256,rs1714507,ENSG00000174891,10879,NA,NA,NA,NA,9e-06,SWB1000G,RSRC1
257,rs1714507,ENSG00000174891,10879,NA,NA,NA,NA,9e-06,SWB1000G,RSRC1
258,rs1714507,ENSG00000174891,11192,NA,NA,NA,NA,9e-06,SWB1000G,RSRC1
259,rs1714507,ENSG00000174891,11192,NA,NA,NA,NA,9e-06,SWB1000G,RSRC1
260,rs1714507,ENSG00000174891,12087,NA,NA,NA,NA,9e-06,SWB1000G,RSRC1
261,rs1714507,ENSG00000174891,12087,NA,NA,NA,NA,9e-06,SWB1000G,RSRC1
262,rs1714507,ENSG00000174891,11150,NA,NA,NA,NA,9e-06,SWB1000G,RSRC1
263,rs1714507,ENSG00000174891,11150,NA,NA,NA,NA,9e-06,SWB1000G,RSRC1
264,rs1714507,ENSG00000174891,10882,NA,NA,NA,NA,9e-06,SWB1000G,RSRC1
265,rs1714507,ENSG00000174891,10882,NA,NA,NA,NA,9e-06,SWB1000G,RSRC1
266,rs1714507,ENSG00000174891,10800,NA,NA,NA,NA,9e-06,SWB1000G,RSRC1
267,rs1714507,ENSG00000174891,10800,NA,NA,NA,NA,9e-06,SWB1000G,RSRC1
268,rs1714507,ENSG00000174891,10044,NA,NA,NA,NA,9e-06,SWB1000G,RSRC1
269,rs1714507,ENSG00000174891,10044,NA,NA,NA,NA,9e-06,SWB1000G,RSRC1
270,rs1714507,ENSG00000174891,11191,NA,NA,NA,NA,9e-06,SWB1000G,RSRC1
271,rs1714507,ENSG00000174891,11191,NA,NA,NA,NA,9e-06,SWB1000G,RSRC1
272,rs17217370,ENSG00000008952,7870,NA,NA,NA,NA,2e-06,SWB1000G,SEC62
273,rs17217370,ENSG00000008952,3328,NA,NA,NA,NA,2e-06,SWB1000G,SEC62
274,rs17217370,ENSG00000008952,2218,NA,NA,NA,NA,2e-06,SWB1000G,SEC62
275,rs17325819,,NA,NA,NA,NA,NA,6e-06,LS,NA
276,rs17331304,,NA,NA,NA,NA,NA,4e-06,PA,NA
277,rs17374883,ENSG00000196782,114836,NA,NA,NA,NA,4e-07,PA,MAML3
278,rs17374883,ENSG00000196782,113621,NA,NA,NA,NA,4e-07,PA,MAML3
279,rs17449243,ENSG00000075151,41466,NA,NA,NA,NA,6e-06,SWB,EIF4G3
280,rs17449243,ENSG00000075151,41453,NA,NA,NA,NA,6e-06,SWB,EIF4G3
281,rs17449243,ENSG00000075151,40932,NA,NA,NA,NA,6e-06,SWB,EIF4G3
282,rs17449243,ENSG00000075151,40617,NA,NA,NA,NA,6e-06,SWB,EIF4G3
283,rs17449243,ENSG00000075151,9,NA,NA,NA,NA,6e-06,SWB,EIF4G3
284,rs17449243,ENSG00000075151,41644,NA,NA,NA,NA,6e-06,SWB,EIF4G3
285,rs17453880,,NA,NA,NA,NA,NA,3e-06,SWB,NA
286,rs17486696,,NA,NA,NA,NA,NA,4e-06,PA,NA
287,rs17494938,,NA,NA,NA,NA,NA,5e-08,LS,NA
288,rs1752216,,NA,NA,NA,NA,NA,1e-06,SWB1000G,NA
289,rs17662327,,NA,NA,NA,NA,NA,6e-06,PA,NA
290,rs17766081,,NA,NA,NA,NA,NA,8e-06,PA,NA
291,rs1815787,ENSG00000160584,47714,NA,NA,NA,NA,7e-06,SWB1000G,SIK3
292,rs1815787,ENSG00000160584,47714,NA,NA,NA,NA,7e-06,SWB1000G,SIK3
293,rs1815787,ENSG00000160584,47740,NA,NA,NA,NA,7e-06,SWB1000G,SIK3
294,rs1815787,ENSG00000160584,47740,NA,NA,NA,NA,7e-06,SWB1000G,SIK3
295,rs1815787,ENSG00000160584,47590,NA,NA,NA,NA,7e-06,SWB1000G,SIK3
296,rs1815787,ENSG00000160584,47590,NA,NA,NA,NA,7e-06,SWB1000G,SIK3
297,rs1815787,ENSG00000160584,47756,NA,NA,NA,NA,7e-06,SWB1000G,SIK3
298,rs1815787,ENSG00000160584,47756,NA,NA,NA,NA,7e-06,SWB1000G,SIK3
299,rs1815787,ENSG00000160584,47624,NA,NA,NA,NA,7e-06,SWB1000G,SIK3
300,rs1815787,ENSG00000160584,47624,NA,NA,NA,NA,7e-06,SWB1000G,SIK3
301,rs186389748,ENSG00000239268,6607,NA,NA,NA,NA,6e-07,SWB1000G,AC092691.1
302,rs188951461,,NA,NA,NA,NA,NA,3e-06,SWB1000G,NA
303,rs191127136,,NA,NA,NA,NA,NA,6e-06,SWB1000G,NA
304,rs191130939,,NA,NA,NA,NA,NA,7e-06,SWB1000G,NA
305,rs1941687,,NA,NA,NA,NA,NA,5e-10,SWB,NA
306,rs1941687,,NA,NA,NA,NA,NA,4e-06,SWB,NA
307,rs1960156,ENSG00000048471,264130,NA,NA,NA,NA,5e-06,SWB1000G,SNX29
308,rs1960156,ENSG00000048471,180462,NA,NA,NA,NA,5e-06,SWB1000G,SNX29
309,rs2024595,,NA,NA,NA,NA,NA,7e-07,LS,NA
310,rs2024595,,NA,NA,NA,NA,NA,4e-11,LS,NA
311,rs2058382,ENSG00000158321,515742,NA,NA,NA,NA,8e-06,SWB,AUTS2
312,rs2058382,ENSG00000158321,515742,NA,NA,NA,NA,8e-06,SWB,AUTS2
313,rs2058382,ENSG00000158321,515119,NA,NA,NA,NA,8e-06,SWB,AUTS2
314,rs2058382,ENSG00000158321,515119,NA,NA,NA,NA,8e-06,SWB,AUTS2
315,rs2058382,ENSG00000158321,514705,NA,NA,NA,NA,8e-06,SWB,AUTS2
316,rs2058382,ENSG00000158321,514705,NA,NA,NA,NA,8e-06,SWB,AUTS2
317,rs2058382,ENSG00000158321,180201,NA,NA,NA,NA,8e-06,SWB,AUTS2
318,rs2058382,ENSG00000158321,180201,NA,NA,NA,NA,8e-06,SWB,AUTS2
319,rs2058382,ENSG00000158321,6332,NA,NA,NA,NA,8e-06,SWB,AUTS2
320,rs2058382,ENSG00000158321,6332,NA,NA,NA,NA,8e-06,SWB,AUTS2
321,rs2058382,ENSG00000158321,80782,NA,NA,NA,NA,8e-06,SWB,AUTS2
322,rs2058382,ENSG00000158321,80782,NA,NA,NA,NA,8e-06,SWB,AUTS2
323,rs2058382,ENSG00000158321,176516,NA,NA,NA,NA,8e-06,SWB,AUTS2
324,rs2058382,ENSG00000158321,176516,NA,NA,NA,NA,8e-06,SWB,AUTS2
325,rs2075677,ENSG00000124207,12465,NA,NA,NA,NA,2.174e-09,SWB,CSE1L
326,rs2075677,ENSG00000124207,12473,NA,NA,NA,NA,2.174e-09,SWB,CSE1L
327,rs2075677,ENSG00000124207,12465,NA,NA,NA,NA,2e-08,SWB,CSE1L
328,rs2075677,ENSG00000124207,12473,NA,NA,NA,NA,2e-08,SWB,CSE1L
329,rs2096031,,NA,NA,NA,NA,NA,5e-06,LS,NA
330,rs2099527,ENSG00000198964,73082,NA,NA,NA,NA,1e-06,LS,SGMS1
331,rs2099527,ENSG00000198964,73082,NA,NA,NA,NA,1e-06,LS,SGMS1
332,rs2099527,ENSG00000198964,34546,NA,NA,NA,NA,1e-06,LS,SGMS1
333,rs2099527,ENSG00000198964,34546,NA,NA,NA,NA,1e-06,LS,SGMS1
334,rs2099527,ENSG00000198964,34411,NA,NA,NA,NA,1e-06,LS,SGMS1
335,rs2099527,ENSG00000198964,34411,NA,NA,NA,NA,1e-06,LS,SGMS1
336,rs2099527,ENSG00000198964,73096,NA,NA,NA,NA,1e-06,LS,SGMS1
337,rs2099527,ENSG00000198964,73096,NA,NA,NA,NA,1e-06,LS,SGMS1
338,rs2099527,ENSG00000198964,37350,NA,NA,NA,NA,1e-06,LS,SGMS1
339,rs2099527,ENSG00000198964,37350,NA,NA,NA,NA,1e-06,LS,SGMS1
340,rs2281398,ENSG00000231290,23348,NA,NA,NA,NA,4e-06,PA,APCDD1L-DT
341,rs2281398,ENSG00000254620,2123,NA,NA,NA,NA,4e-06,PA,AL050327.1
342,rs2312971,,NA,NA,NA,NA,NA,3e-06,SWB,NA
343,rs2409722,ENSG00000171044,19059,NA,NA,NA,NA,8e-06,PA,XKR6
344,rs2409722,ENSG00000171044,19059,NA,NA,NA,NA,8e-06,PA,XKR6
345,rs2409722,ENSG00000171044,18527,NA,NA,NA,NA,8e-06,PA,XKR6
346,rs2409722,ENSG00000171044,18527,NA,NA,NA,NA,8e-06,PA,XKR6
347,rs2574985,ENSG00000198964,64126,NA,NA,NA,NA,8e-06,SWB,SGMS1
348,rs2574985,ENSG00000198964,64126,NA,NA,NA,NA,8e-06,SWB,SGMS1
349,rs2574985,ENSG00000198964,25590,NA,NA,NA,NA,8e-06,SWB,SGMS1
350,rs2574985,ENSG00000198964,25590,NA,NA,NA,NA,8e-06,SWB,SGMS1
351,rs2574985,ENSG00000198964,25455,NA,NA,NA,NA,8e-06,SWB,SGMS1
352,rs2574985,ENSG00000198964,25455,NA,NA,NA,NA,8e-06,SWB,SGMS1
353,rs2574985,ENSG00000198964,64140,NA,NA,NA,NA,8e-06,SWB,SGMS1
354,rs2574985,ENSG00000198964,64140,NA,NA,NA,NA,8e-06,SWB,SGMS1
355,rs2574985,ENSG00000198964,28394,NA,NA,NA,NA,8e-06,SWB,SGMS1
356,rs2574985,ENSG00000198964,28394,NA,NA,NA,NA,8e-06,SWB,SGMS1
357,rs258668,ENSG00000153956,152756,NA,NA,NA,NA,8e-07,SWB,CACNA2D1
358,rs258668,ENSG00000153956,48864,NA,NA,NA,NA,8e-07,SWB,CACNA2D1
359,rs258668,ENSG00000153956,149098,NA,NA,NA,NA,8e-07,SWB,CACNA2D1
360,rs258668,LRG_437,149098,NA,NA,NA,NA,8e-07,SWB,NA
361,rs258677,ENSG00000153956,157668,NA,NA,NA,NA,4e-07,PA,CACNA2D1
362,rs258677,ENSG00000153956,53776,NA,NA,NA,NA,4e-07,PA,CACNA2D1
363,rs258677,ENSG00000153956,154010,NA,NA,NA,NA,4e-07,PA,CACNA2D1
364,rs258677,LRG_437,154010,NA,NA,NA,NA,4e-07,PA,NA
365,rs2661868,ENSG00000142599,57332,NA,NA,NA,NA,2e-06,LS,RERE
366,rs2661868,ENSG00000142599,57332,NA,NA,NA,NA,2e-06,LS,RERE
367,rs2661868,ENSG00000142599,57323,NA,NA,NA,NA,2e-06,LS,RERE
368,rs2661868,ENSG00000142599,57323,NA,NA,NA,NA,2e-06,LS,RERE
369,rs2661868,ENSG00000142599,55786,NA,NA,NA,NA,2e-06,LS,RERE
370,rs2661868,ENSG00000142599,55786,NA,NA,NA,NA,2e-06,LS,RERE
371,rs2661868,ENSG00000142599,13937,NA,NA,NA,NA,2e-06,LS,RERE
372,rs2661868,ENSG00000142599,13937,NA,NA,NA,NA,2e-06,LS,RERE
373,rs2661868,ENSG00000142599,55103,NA,NA,NA,NA,2e-06,LS,RERE
374,rs2661868,ENSG00000142599,55103,NA,NA,NA,NA,2e-06,LS,RERE
375,rs2661868,ENSG00000142599,15483,NA,NA,NA,NA,2e-06,LS,RERE
376,rs2661868,ENSG00000142599,15483,NA,NA,NA,NA,2e-06,LS,RERE
377,rs2661868,ENSG00000142599,13690,NA,NA,NA,NA,2e-06,LS,RERE
378,rs2661868,ENSG00000142599,13690,NA,NA,NA,NA,2e-06,LS,RERE
379,rs2661868,ENSG00000142599,14505,NA,NA,NA,NA,2e-06,LS,RERE
380,rs2661868,ENSG00000142599,14505,NA,NA,NA,NA,2e-06,LS,RERE
381,rs2717463,,NA,NA,NA,NA,NA,5e-06,PA,NA
382,rs281288,ENSG00000259221,7226,NA,NA,NA,NA,2e-06,PA,AC023905.1
383,rs281288,ENSG00000259221,7099,NA,NA,NA,NA,2e-06,PA,AC023905.1
384,rs281288,ENSG00000259221,7085,NA,NA,NA,NA,2e-06,PA,AC023905.1
385,rs281288,ENSG00000137872,205405,NA,NA,NA,NA,2e-06,PA,SEMA6D
386,rs281288,ENSG00000137872,203843,NA,NA,NA,NA,2e-06,PA,SEMA6D
387,rs281288,ENSG00000137872,50439,NA,NA,NA,NA,2e-06,PA,SEMA6D
388,rs2834018,ENSG00000227757,28521,NA,NA,NA,NA,2e-06,SWB,AP000282.1
389,rs2834018,ENSG00000227757,28521,NA,NA,NA,NA,2e-06,LS,AP000282.1
390,rs2834018,ENSG00000227757,28521,NA,NA,NA,NA,1e-06,SWB,AP000282.1
391,rs2834018,ENSG00000227757,28521,NA,NA,NA,NA,1e-06,LS,AP000282.1
392,rs28633434,ENSG00000171044,4953,NA,NA,NA,NA,2e-06,SWB1000G,XKR6
393,rs28633434,ENSG00000171044,4953,NA,NA,NA,NA,2e-06,SWB1000G,XKR6
394,rs28633434,ENSG00000171044,4421,NA,NA,NA,NA,2e-06,SWB1000G,XKR6
395,rs28633434,ENSG00000171044,4421,NA,NA,NA,NA,2e-06,SWB1000G,XKR6
396,rs28633434,ENSG00000171044,1977,NA,NA,NA,NA,2e-06,SWB1000G,XKR6
397,rs28633434,ENSG00000171044,1977,NA,NA,NA,NA,2e-06,SWB1000G,XKR6
398,rs2865116,,NA,NA,NA,NA,NA,2e-06,PA,NA
399,rs298555,,NA,NA,NA,NA,NA,3e-07,SWB1000G,NA
400,rs3104705,ENSG00000183454,207321,NA,NA,NA,NA,1e-06,SWB,GRIN2A
401,rs3104705,ENSG00000183454,146143,NA,NA,NA,NA,1e-06,SWB,GRIN2A
402,rs3104705,ENSG00000183454,206454,NA,NA,NA,NA,1e-06,SWB,GRIN2A
403,rs3104705,ENSG00000183454,206973,NA,NA,NA,NA,1e-06,SWB,GRIN2A
404,rs3104705,ENSG00000183454,56131,NA,NA,NA,NA,1e-06,SWB,GRIN2A
405,rs3104705,ENSG00000183454,37717,NA,NA,NA,NA,1e-06,SWB,GRIN2A
406,rs3104705,ENSG00000183454,37708,NA,NA,NA,NA,1e-06,SWB,GRIN2A
407,rs3104705,ENSG00000183454,37280,NA,NA,NA,NA,1e-06,SWB,GRIN2A
408,rs3104707,ENSG00000183454,205453,NA,NA,NA,NA,5e-06,SWB1000G,GRIN2A
409,rs3104707,ENSG00000183454,144275,NA,NA,NA,NA,5e-06,SWB1000G,GRIN2A
410,rs3104707,ENSG00000183454,204586,NA,NA,NA,NA,5e-06,SWB1000G,GRIN2A
411,rs3104707,ENSG00000183454,205105,NA,NA,NA,NA,5e-06,SWB1000G,GRIN2A
412,rs3104707,ENSG00000183454,54263,NA,NA,NA,NA,5e-06,SWB1000G,GRIN2A
413,rs3104707,ENSG00000183454,39585,NA,NA,NA,NA,5e-06,SWB1000G,GRIN2A
414,rs3104707,ENSG00000183454,39576,NA,NA,NA,NA,5e-06,SWB1000G,GRIN2A
415,rs3104707,ENSG00000183454,39148,NA,NA,NA,NA,5e-06,SWB1000G,GRIN2A
416,rs3213545,ENSG00000135114,5708,NA,NA,NA,NA,1e-06,SWB1000G,OASL
417,rs3213545,ENSG00000135114,5622,NA,NA,NA,NA,1e-06,SWB1000G,OASL
418,rs3213545,ENSG00000135114,5413,NA,NA,NA,NA,1e-06,SWB1000G,OASL
419,rs3213545,ENSG00000135114,5708,NA,NA,NA,NA,1.067e-12,SWB1000G,OASL
420,rs3213545,ENSG00000135114,5622,NA,NA,NA,NA,1.067e-12,SWB1000G,OASL
421,rs3213545,ENSG00000135114,5413,NA,NA,NA,NA,1.067e-12,SWB1000G,OASL
422,rs3213545,ENSG00000135114,5708,NA,NA,NA,NA,4e-15,SWB1000G,OASL
423,rs3213545,ENSG00000135114,5622,NA,NA,NA,NA,4e-15,SWB1000G,OASL
424,rs3213545,ENSG00000135114,5413,NA,NA,NA,NA,4e-15,SWB1000G,OASL
425,rs34256173,,NA,NA,NA,NA,NA,8e-07,SWB1000G,NA
426,rs352242,,NA,NA,NA,NA,NA,4e-06,LS,NA
427,rs3756290,ENSG00000158987,19179,NA,NA,NA,NA,1e-08,SWB,RAPGEF6
428,rs3756290,ENSG00000158987,19155,NA,NA,NA,NA,1e-08,SWB,RAPGEF6
429,rs3756290,ENSG00000158987,19054,NA,NA,NA,NA,1e-08,SWB,RAPGEF6
430,rs3756290,ENSG00000158987,19102,NA,NA,NA,NA,1e-08,SWB,RAPGEF6
431,rs3756290,ENSG00000158987,18973,NA,NA,NA,NA,1e-08,SWB,RAPGEF6
432,rs3756290,ENSG00000158987,19156,NA,NA,NA,NA,1e-08,SWB,RAPGEF6
433,rs3756290,ENSG00000158987,19174,NA,NA,NA,NA,1e-08,SWB,RAPGEF6
434,rs3756290,ENSG00000273217,180926,NA,NA,NA,NA,1e-08,SWB,AC008695.1
435,rs4075536,ENSG00000168490,4491,NA,NA,NA,NA,3e-06,SWB1000G,PHYHIP
436,rs4075536,ENSG00000168490,4474,NA,NA,NA,NA,3e-06,SWB1000G,PHYHIP
437,rs4075536,ENSG00000168490,2737,NA,NA,NA,NA,3e-06,SWB1000G,PHYHIP
438,rs4075536,ENSG00000168490,462,NA,NA,NA,NA,3e-06,SWB1000G,PHYHIP
439,rs4245128,,NA,NA,NA,NA,NA,9e-06,LS,NA
440,rs4478137,,NA,NA,NA,NA,NA,3e-10,SWB1000G,NA
441,rs4478137,,NA,NA,NA,NA,NA,5e-06,SWB1000G,NA
442,rs4478137,,NA,NA,NA,NA,NA,3e-08,SWB1000G,NA
443,rs4606360,ENSG00000076321,3960,NA,NA,NA,NA,3e-07,SWB1000G,KLHL20
444,rs4606360,ENSG00000076321,14884,NA,NA,NA,NA,3e-07,SWB1000G,KLHL20
445,rs4606360,ENSG00000076321,4349,NA,NA,NA,NA,3e-07,SWB1000G,KLHL20
446,rs4606360,ENSG00000076321,4645,NA,NA,NA,NA,3e-07,SWB1000G,KLHL20
447,rs4671458,ENSG00000143951,25545,NA,NA,NA,NA,2e-06,SWB,WDPCP
448,rs4671458,ENSG00000143951,25526,NA,NA,NA,NA,2e-06,SWB,WDPCP
449,rs4671458,ENSG00000143951,6186,NA,NA,NA,NA,2e-06,SWB,WDPCP
450,rs4671458,ENSG00000143951,25114,NA,NA,NA,NA,2e-06,SWB,WDPCP
451,rs4671458,ENSG00000143951,25097,NA,NA,NA,NA,2e-06,SWB,WDPCP
452,rs4926285,ENSG00000141837,85662,NA,NA,NA,NA,NA,LS,CACNA1A
453,rs4926285,ENSG00000141837,85683,NA,NA,NA,NA,NA,LS,CACNA1A
454,rs4926285,ENSG00000141837,85698,NA,NA,NA,NA,NA,LS,CACNA1A
455,rs4926285,ENSG00000141837,85706,NA,NA,NA,NA,NA,LS,CACNA1A
456,rs4926285,ENSG00000141837,85475,NA,NA,NA,NA,NA,LS,CACNA1A
457,rs4926285,ENSG00000141837,85663,NA,NA,NA,NA,NA,LS,CACNA1A
458,rs4926285,ENSG00000141837,85427,NA,NA,NA,NA,NA,LS,CACNA1A
459,rs4926285,ENSG00000141837,85458,NA,NA,NA,NA,NA,LS,CACNA1A
460,rs4926285,ENSG00000141837,85280,NA,NA,NA,NA,NA,LS,CACNA1A
461,rs4926285,ENSG00000141837,85142,NA,NA,NA,NA,NA,LS,CACNA1A
462,rs4926285,ENSG00000141837,58746,NA,NA,NA,NA,NA,LS,CACNA1A
463,rs4926285,ENSG00000141837,50006,NA,NA,NA,NA,NA,LS,CACNA1A
464,rs4926285,ENSG00000141837,49036,NA,NA,NA,NA,NA,LS,CACNA1A
465,rs4926285,LRG_7,85663,NA,NA,NA,NA,NA,LS,NA
466,rs4942783,,NA,NA,NA,NA,NA,6e-07,SWB1000G,NA
467,rs4958581,ENSG00000249484,164180,NA,NA,NA,NA,2e-08,SWB,LINC01470
468,rs4958581,ENSG00000249484,164180,NA,NA,NA,NA,2e-08,SWB,LINC01470
469,rs4958581,ENSG00000249484,187664,NA,NA,NA,NA,2e-08,SWB,LINC01470
470,rs4958581,ENSG00000249484,187664,NA,NA,NA,NA,2e-08,SWB,LINC01470
471,rs57682148,ENSG00000185565,227033,NA,NA,NA,NA,3e-06,SWB1000G,LSAMP
472,rs57682148,ENSG00000185565,219627,NA,NA,NA,NA,3e-06,SWB1000G,LSAMP
473,rs57682148,ENSG00000185565,21831,NA,NA,NA,NA,3e-06,SWB1000G,LSAMP
474,rs57682148,ENSG00000185565,9906,NA,NA,NA,NA,3e-06,SWB1000G,LSAMP
475,rs57682148,ENSG00000185565,57140,NA,NA,NA,NA,3e-06,SWB1000G,LSAMP
476,rs6073597,ENSG00000101109,34397,NA,NA,NA,NA,6e-06,PA,STK4
477,rs6073597,ENSG00000101109,34349,NA,NA,NA,NA,6e-06,PA,STK4
478,rs6073597,ENSG00000101109,34392,NA,NA,NA,NA,6e-06,PA,STK4
479,rs6073597,LRG_535,34392,NA,NA,NA,NA,6e-06,PA,NA
480,rs60836640,,NA,NA,NA,NA,NA,7e-06,SWB1000G,NA
481,rs6141769,ENSG00000198547,11814,NA,NA,NA,NA,4e-06,SWB,C20orf203
482,rs6141769,ENSG00000285382,11283,NA,NA,NA,NA,4e-06,SWB,FO393400.1
483,rs61850473,ENSG00000183346,28054,NA,NA,NA,NA,5e-06,SWB1000G,CABCOCO1
484,rs61905145,ENSG00000235910,8030,NA,NA,NA,NA,3e-07,SWB1000G,APOA1-AS
485,rs61905145,ENSG00000160584,4297,NA,NA,NA,NA,3e-07,SWB1000G,SIK3
486,rs61905145,ENSG00000160584,4297,NA,NA,NA,NA,3e-07,SWB1000G,SIK3
487,rs61905145,ENSG00000160584,1439,NA,NA,NA,NA,3e-07,SWB1000G,SIK3
488,rs61905145,ENSG00000160584,1439,NA,NA,NA,NA,3e-07,SWB1000G,SIK3
489,rs61905145,ENSG00000160584,2287,NA,NA,NA,NA,3e-07,SWB1000G,SIK3
490,rs61905145,ENSG00000160584,2287,NA,NA,NA,NA,3e-07,SWB1000G,SIK3
491,rs61905145,ENSG00000160584,2106,NA,NA,NA,NA,3e-07,SWB1000G,SIK3
492,rs61905145,ENSG00000160584,2106,NA,NA,NA,NA,3e-07,SWB1000G,SIK3
493,rs62341806,ENSG00000205976,1487,NA,NA,NA,NA,7e-07,SWB1000G,AC091951.1
494,rs6442260,ENSG00000197548,5711,NA,NA,NA,NA,3e-06,PA,ATG7
495,rs6442260,ENSG00000197548,5806,NA,NA,NA,NA,3e-06,PA,ATG7
496,rs6442260,ENSG00000197548,8388,NA,NA,NA,NA,3e-06,PA,ATG7
497,rs6454289,,NA,NA,NA,NA,NA,9e-06,SWB1000G,NA
498,rs6463523,ENSG00000188191,11369,NA,NA,NA,NA,3e-06,SWB1000G,PRKAR1B
499,rs6463523,ENSG00000188191,11060,NA,NA,NA,NA,3e-06,SWB1000G,PRKAR1B
500,rs6463523,ENSG00000188191,10956,NA,NA,NA,NA,3e-06,SWB1000G,PRKAR1B
501,rs6500768,ENSG00000078328,483374,NA,NA,NA,NA,2e-07,SWB,RBFOX1
502,rs6500768,ENSG00000078328,1052838,NA,NA,NA,NA,2e-07,SWB,RBFOX1
503,rs6500768,ENSG00000078328,273546,NA,NA,NA,NA,2e-07,SWB,RBFOX1
504,rs6500768,ENSG00000078328,273509,NA,NA,NA,NA,2e-07,SWB,RBFOX1
505,rs6500768,ENSG00000078328,273047,NA,NA,NA,NA,2e-07,SWB,RBFOX1
506,rs6500768,ENSG00000078328,272937,NA,NA,NA,NA,2e-07,SWB,RBFOX1
507,rs6502050,,NA,NA,NA,NA,NA,4e-06,LS,NA
508,rs6502955,,NA,NA,NA,NA,NA,4e-06,LS,NA
509,rs6504822,,NA,NA,NA,NA,NA,7e-06,LS,NA
510,rs654384,ENSG00000146555,141973,NA,NA,NA,NA,7e-06,PA,SDK1
511,rs654384,ENSG00000146555,139381,NA,NA,NA,NA,7e-06,PA,SDK1
512,rs6562728,ENSG00000083520,4635,NA,NA,NA,NA,5e-06,SWB1000G,DIS3
513,rs6572548,,NA,NA,NA,NA,NA,3e-07,SWB1000G,NA
514,rs6579956,ENSG00000249484,80069,NA,NA,NA,NA,1e-10,SWB1000G,LINC01470
515,rs6579956,ENSG00000249484,80069,NA,NA,NA,NA,1e-10,SWB1000G,LINC01470
516,rs6579956,ENSG00000249484,78598,NA,NA,NA,NA,1e-10,SWB1000G,LINC01470
517,rs6579956,ENSG00000249484,78598,NA,NA,NA,NA,1e-10,SWB1000G,LINC01470
518,rs6579956,ENSG00000249484,80069,NA,NA,NA,NA,4e-09,SWB1000G,LINC01470
519,rs6579956,ENSG00000249484,80069,NA,NA,NA,NA,4e-09,SWB1000G,LINC01470
520,rs6579956,ENSG00000249484,78598,NA,NA,NA,NA,4e-09,SWB1000G,LINC01470
521,rs6579956,ENSG00000249484,78598,NA,NA,NA,NA,4e-09,SWB1000G,LINC01470
522,rs6579956,ENSG00000249484,80069,NA,NA,NA,NA,2e-09,SWB1000G,LINC01470
523,rs6579956,ENSG00000249484,80069,NA,NA,NA,NA,2e-09,SWB1000G,LINC01470
524,rs6579956,ENSG00000249484,78598,NA,NA,NA,NA,2e-09,SWB1000G,LINC01470
525,rs6579956,ENSG00000249484,78598,NA,NA,NA,NA,2e-09,SWB1000G,LINC01470
526,rs6581971,ENSG00000153233,25215,NA,NA,NA,NA,4.741e-06,PA,PTPRR
527,rs6581971,ENSG00000153233,25215,NA,NA,NA,NA,9.337e-06,PA,PTPRR
528,rs6581971,ENSG00000153233,25215,NA,NA,NA,NA,5e-06,PA,PTPRR
529,rs6587766,ENSG00000173406,181642,NA,NA,NA,NA,1e-06,PA,DAB1
530,rs6587766,ENSG00000173406,244516,NA,NA,NA,NA,1e-06,PA,DAB1
531,rs6587766,ENSG00000173406,48650,NA,NA,NA,NA,1e-06,PA,DAB1
532,rs6587766,ENSG00000173406,171681,NA,NA,NA,NA,1e-06,PA,DAB1
533,rs6587766,ENSG00000173406,64949,NA,NA,NA,NA,1e-06,PA,DAB1
534,rs6587766,ENSG00000173406,48753,NA,NA,NA,NA,1e-06,PA,DAB1
535,rs6587766,ENSG00000173406,48651,NA,NA,NA,NA,1e-06,PA,DAB1
536,rs6702445,,NA,NA,NA,NA,NA,NA,LS,NA
537,rs6772840,,NA,NA,NA,NA,NA,4e-06,SWB,NA
538,rs6787172,ENSG00000174891,74500,NA,NA,NA,NA,4e-06,SWB,RSRC1
539,rs6787172,ENSG00000174891,74500,NA,NA,NA,NA,4e-06,SWB,RSRC1
540,rs6787172,ENSG00000174891,74813,NA,NA,NA,NA,4e-06,SWB,RSRC1
541,rs6787172,ENSG00000174891,74813,NA,NA,NA,NA,4e-06,SWB,RSRC1
542,rs6787172,ENSG00000174891,75708,NA,NA,NA,NA,4e-06,SWB,RSRC1
543,rs6787172,ENSG00000174891,75708,NA,NA,NA,NA,4e-06,SWB,RSRC1
544,rs6787172,ENSG00000174891,74771,NA,NA,NA,NA,4e-06,SWB,RSRC1
545,rs6787172,ENSG00000174891,74771,NA,NA,NA,NA,4e-06,SWB,RSRC1
546,rs6787172,ENSG00000174891,74503,NA,NA,NA,NA,4e-06,SWB,RSRC1
547,rs6787172,ENSG00000174891,74503,NA,NA,NA,NA,4e-06,SWB,RSRC1
548,rs6787172,ENSG00000174891,74421,NA,NA,NA,NA,4e-06,SWB,RSRC1
549,rs6787172,ENSG00000174891,74421,NA,NA,NA,NA,4e-06,SWB,RSRC1
550,rs6787172,ENSG00000174891,73665,NA,NA,NA,NA,4e-06,SWB,RSRC1
551,rs6787172,ENSG00000174891,73665,NA,NA,NA,NA,4e-06,SWB,RSRC1
552,rs6787172,ENSG00000174891,74812,NA,NA,NA,NA,4e-06,SWB,RSRC1
553,rs6787172,ENSG00000174891,74812,NA,NA,NA,NA,4e-06,SWB,RSRC1
554,rs67881926,ENSG00000143614,54028,NA,NA,NA,NA,9e-06,SWB1000G,GATAD2B
555,rs67881926,ENSG00000143614,48943,NA,NA,NA,NA,9e-06,SWB1000G,GATAD2B
556,rs67881926,ENSG00000143614,48656,NA,NA,NA,NA,9e-06,SWB1000G,GATAD2B
557,rs67881926,ENSG00000143614,39928,NA,NA,NA,NA,9e-06,SWB1000G,GATAD2B
558,rs67881926,ENSG00000143614,39129,NA,NA,NA,NA,9e-06,SWB1000G,GATAD2B
559,rs67881926,ENSG00000143614,30495,NA,NA,NA,NA,9e-06,SWB1000G,GATAD2B
560,rs67881926,ENSG00000143614,30487,NA,NA,NA,NA,9e-06,SWB1000G,GATAD2B
561,rs67881926,,NA,NA,NA,NA,NA,9e-06,SWB1000G,NA
562,rs6835509,,NA,NA,NA,NA,NA,NA,SWB1000G,NA
563,rs6848123,ENSG00000156269,43252,NA,NA,NA,NA,4e-06,SWB1000G,NAA11
564,rs6848123,ENSG00000156269,43252,NA,NA,NA,NA,4e-06,SWB1000G,NAA11
565,rs6848123,ENSG00000156269,43197,NA,NA,NA,NA,4e-06,SWB1000G,NAA11
566,rs6848123,ENSG00000156269,43197,NA,NA,NA,NA,4e-06,SWB1000G,NAA11
567,rs6848123,ENSG00000249307,26201,NA,NA,NA,NA,4e-06,SWB1000G,LINC01088
568,rs6848123,ENSG00000249307,26273,NA,NA,NA,NA,4e-06,SWB1000G,LINC01088
569,rs6848123,ENSG00000249307,26382,NA,NA,NA,NA,4e-06,SWB1000G,LINC01088
570,rs6848123,ENSG00000249307,17294,NA,NA,NA,NA,4e-06,SWB1000G,LINC01088
571,rs6848123,ENSG00000249307,26484,NA,NA,NA,NA,4e-06,SWB1000G,LINC01088
572,rs6848123,ENSG00000249307,26384,NA,NA,NA,NA,4e-06,SWB1000G,LINC01088
573,rs6848123,ENSG00000249307,23490,NA,NA,NA,NA,4e-06,SWB1000G,LINC01088
574,rs6918725,,NA,NA,NA,NA,NA,2e-07,LS,NA
575,rs6918725,,NA,NA,NA,NA,NA,7.388e-14,LS,NA
576,rs6918725,,NA,NA,NA,NA,NA,7e-10,LS,NA
577,rs6919210,ENSG00000082293,13167,NA,NA,NA,NA,9e-06,SWB,COL19A1
578,rs6919210,ENSG00000082293,164,NA,NA,0,NA,9e-06,SWB,COL19A1
579,rs6919210,ENSG00000082293,11482,NA,NA,NA,NA,9e-06,SWB,COL19A1
580,rs6935502,,NA,NA,NA,NA,NA,3e-06,SWB1000G,NA
581,rs6954274,,NA,NA,NA,NA,NA,7e-07,SWB1000G,NA
582,rs6955467,ENSG00000158321,184696,NA,NA,NA,NA,5e-07,SWB1000G,AUTS2
583,rs6955467,ENSG00000158321,184696,NA,NA,NA,NA,5e-07,SWB1000G,AUTS2
584,rs6955467,ENSG00000158321,184332,NA,NA,NA,NA,5e-07,SWB1000G,AUTS2
585,rs6955467,ENSG00000158321,184332,NA,NA,NA,NA,5e-07,SWB1000G,AUTS2
586,rs6955467,ENSG00000158321,185324,NA,NA,NA,NA,5e-07,SWB1000G,AUTS2
587,rs6955467,ENSG00000158321,185324,NA,NA,NA,NA,5e-07,SWB1000G,AUTS2
588,rs6955467,ENSG00000158321,12086,NA,NA,NA,NA,5e-07,SWB1000G,AUTS2
589,rs6955467,ENSG00000158321,12086,NA,NA,NA,NA,5e-07,SWB1000G,AUTS2
590,rs7045089,,NA,NA,NA,NA,NA,4e-06,SWB,NA
591,rs7072898,,NA,NA,NA,NA,NA,9e-06,SWB1000G,NA
592,rs71338529,,NA,NA,NA,NA,NA,7e-06,SWB1000G,NA
593,rs7139978,,NA,NA,NA,NA,NA,2e-06,LS,NA
594,rs72834178,ENSG00000198873,50963,NA,NA,NA,NA,9e-06,SWB1000G,GRK5
595,rs7291412,ENSG00000197182,9383,NA,NA,NA,NA,8e-06,SWB,MIRLET7BHG
596,rs7291412,ENSG00000197182,9383,NA,NA,NA,NA,2e-30,SWB,MIRLET7BHG
597,rs73186011,ENSG00000135250,70187,NA,NA,NA,NA,9e-06,SWB1000G,SRPK2
598,rs73186011,ENSG00000135250,70186,NA,NA,NA,NA,9e-06,SWB1000G,SRPK2
599,rs73186011,ENSG00000135250,17093,NA,NA,NA,NA,9e-06,SWB1000G,SRPK2
600,rs73186011,ENSG00000135250,69037,NA,NA,NA,NA,9e-06,SWB1000G,SRPK2
601,rs73186011,ENSG00000135250,17169,NA,NA,NA,NA,9e-06,SWB1000G,SRPK2
602,rs73186011,ENSG00000135250,26018,NA,NA,NA,NA,9e-06,SWB1000G,SRPK2
603,rs73186011,ENSG00000135250,19186,NA,NA,NA,NA,9e-06,SWB1000G,SRPK2
604,rs751199,ENSG00000204393,9191,NA,NA,NA,NA,NA,SWB1000G,NOL4L-DT
605,rs751199,ENSG00000204393,9188,NA,NA,NA,NA,NA,SWB1000G,NOL4L-DT
606,rs75279353,ENSG00000257657,35668,NA,NA,NA,NA,3e-07,SWB1000G,AC079950.1
607,rs7554469,ENSG00000143614,50351,NA,NA,NA,NA,3e-09,LS,GATAD2B
608,rs7554469,ENSG00000143614,45266,NA,NA,NA,NA,3e-09,LS,GATAD2B
609,rs7554469,ENSG00000143614,44979,NA,NA,NA,NA,3e-09,LS,GATAD2B
610,rs7554469,ENSG00000143614,36251,NA,NA,NA,NA,3e-09,LS,GATAD2B
611,rs7554469,ENSG00000143614,35452,NA,NA,NA,NA,3e-09,LS,GATAD2B
612,rs7554469,ENSG00000143614,26818,NA,NA,NA,NA,3e-09,LS,GATAD2B
613,rs7554469,ENSG00000143614,26810,NA,NA,NA,NA,3e-09,LS,GATAD2B
614,rs7554469,,NA,NA,NA,NA,NA,3e-09,LS,NA
615,rs7569426,ENSG00000203386,51439,NA,NA,NA,NA,9e-06,SWB,LINC01317
616,rs7672847,,NA,NA,NA,NA,NA,4e-06,SWB1000G,NA
617,rs77202885,ENSG00000144407,163295,NA,NA,NA,NA,3e-06,SWB1000G,PTH2R
618,rs7737355,ENSG00000158985,5050,NA,NA,NA,NA,1e-07,LS,CDC42SE2
619,rs7737355,ENSG00000158985,5050,NA,NA,NA,NA,1e-07,LS,CDC42SE2
620,rs7737355,ENSG00000158985,5043,NA,NA,NA,NA,1e-07,LS,CDC42SE2
621,rs7737355,ENSG00000158985,5043,NA,NA,NA,NA,1e-07,LS,CDC42SE2
622,rs7737355,ENSG00000158985,5018,NA,NA,NA,NA,1e-07,LS,CDC42SE2
623,rs7737355,ENSG00000158985,5018,NA,NA,NA,NA,1e-07,LS,CDC42SE2
624,rs7737355,ENSG00000158985,23625,NA,NA,NA,NA,1e-07,LS,CDC42SE2
625,rs7737355,ENSG00000158985,23625,NA,NA,NA,NA,1e-07,LS,CDC42SE2
626,rs7737355,ENSG00000158985,16091,NA,NA,NA,NA,1e-07,LS,CDC42SE2
627,rs7737355,ENSG00000158985,16091,NA,NA,NA,NA,1e-07,LS,CDC42SE2
628,rs7737355,ENSG00000158985,5452,NA,NA,NA,NA,1e-07,LS,CDC42SE2
629,rs7737355,ENSG00000158985,5452,NA,NA,NA,NA,1e-07,LS,CDC42SE2
630,rs7737355,ENSG00000158985,5056,NA,NA,NA,NA,1e-07,LS,CDC42SE2
631,rs7737355,ENSG00000158985,5056,NA,NA,NA,NA,1e-07,LS,CDC42SE2
632,rs7737355,ENSG00000158985,5109,NA,NA,NA,NA,1e-07,LS,CDC42SE2
633,rs7737355,ENSG00000158985,5109,NA,NA,NA,NA,1e-07,LS,CDC42SE2
634,rs77497381,,NA,NA,NA,NA,NA,NA,SWB1000G,NA
635,rs78388617,ENSG00000269994,522,NA,NA,NA,NA,4e-06,SWB1000G,AL513318.2
636,rs78974596,ENSG00000171724,34300,NA,NA,NA,NA,5e-06,SWB1000G,VAT1L
637,rs78999617,,NA,NA,NA,NA,NA,2e-06,SWB1000G,NA
638,rs7927771,ENSG00000109920,7547,NA,NA,NA,NA,4e-06,SWB,FNBP4
639,rs7927771,ENSG00000109920,7532,NA,NA,NA,NA,4e-06,SWB,FNBP4
640,rs7927771,ENSG00000109920,6767,NA,NA,NA,NA,4e-06,SWB,FNBP4
641,rs7927771,ENSG00000109920,6716,NA,NA,NA,NA,4e-06,SWB,FNBP4
642,rs7927771,ENSG00000109920,7547,NA,NA,NA,NA,3.115e-11,SWB,FNBP4
643,rs7927771,ENSG00000109920,7532,NA,NA,NA,NA,3.115e-11,SWB,FNBP4
644,rs7927771,ENSG00000109920,6767,NA,NA,NA,NA,3.115e-11,SWB,FNBP4
645,rs7927771,ENSG00000109920,6716,NA,NA,NA,NA,3.115e-11,SWB,FNBP4
646,rs7927771,ENSG00000109920,7547,NA,NA,NA,NA,3.21e-10,SWB,FNBP4
647,rs7927771,ENSG00000109920,7532,NA,NA,NA,NA,3.21e-10,SWB,FNBP4
648,rs7927771,ENSG00000109920,6767,NA,NA,NA,NA,3.21e-10,SWB,FNBP4
649,rs7927771,ENSG00000109920,6716,NA,NA,NA,NA,3.21e-10,SWB,FNBP4
650,rs8001018,,NA,NA,NA,NA,NA,3e-06,SWB1000G,NA
651,rs833911,ENSG00000105738,79189,NA,NA,NA,NA,3e-06,SWB1000G,SIPA1L3
652,rs833911,ENSG00000105738,79189,NA,NA,NA,NA,3e-06,SWB1000G,SIPA1L3
653,rs833911,ENSG00000105738,54071,NA,NA,NA,NA,3e-06,SWB1000G,SIPA1L3
654,rs833911,ENSG00000105738,54071,NA,NA,NA,NA,3e-06,SWB1000G,SIPA1L3
655,rs905456,,NA,NA,NA,NA,NA,1e-06,PA,NA
656,rs9382403,,NA,NA,NA,NA,NA,1e-06,SWB,NA
657,rs9397240,,NA,NA,NA,NA,NA,6e-06,LS,NA
658,rs9425766,ENSG00000185278,2647,NA,NA,NA,NA,9e-06,LS,ZBTB37
659,rs9425766,ENSG00000185278,15033,NA,NA,NA,NA,9e-06,LS,ZBTB37
660,rs9528554,ENSG00000228669,23479,NA,NA,NA,NA,3e-07,SWB,LINC00448
661,rs9528554,ENSG00000228669,23479,NA,NA,NA,NA,3e-07,PA,LINC00448
662,rs9528554,ENSG00000228669,23479,NA,NA,NA,NA,3e-07,SWB1000G,LINC00448
663,rs9528554,ENSG00000228669,23479,NA,NA,NA,NA,9e-06,SWB,LINC00448
664,rs9528554,ENSG00000228669,23479,NA,NA,NA,NA,9e-06,PA,LINC00448
665,rs9528554,ENSG00000228669,23479,NA,NA,NA,NA,9e-06,SWB1000G,LINC00448
666,rs9533975,,NA,NA,NA,NA,NA,7e-07,SWB,NA
667,rs9533975,,NA,NA,NA,NA,NA,7e-07,LS,NA
668,rs9533975,,NA,NA,NA,NA,NA,7e-07,SWB1000G,NA
669,rs9533975,,NA,NA,NA,NA,NA,6e-06,SWB,NA
670,rs9533975,,NA,NA,NA,NA,NA,6e-06,LS,NA
671,rs9533975,,NA,NA,NA,NA,NA,6e-06,SWB1000G,NA
672,rs9572053,,NA,NA,NA,NA,NA,7e-06,SWB,NA
673,rs9601838,,NA,NA,NA,NA,NA,7e-06,PA,NA
674,rs9636202,,NA,NA,NA,NA,NA,7e-06,LS,NA
675,rs976337,,NA,NA,NA,NA,NA,9e-06,PA,NA
676,rs9840016,ENSG00000244040,25148,NA,NA,NA,NA,2e-06,SWB,IL12A-AS1
677,rs9931543,ENSG00000246379,1883,NA,NA,NA,NA,4e-06,SWB1000G,AC007495.1
