,GeneENSG,GeneSymb,Known Phenotypes,Mean P-Value,OR_global,OR_mod,OR_sum
9,ENSG00000001461,NIPAL3,Not known,1.0,-0.4155253809484937,6.675312647870813,6.259787266922319
27,ENSG00000003137,CYP26B1,Not known,1.0,0.7691282339875939,0.43245640711214317,1.201584641099737
30,ENSG00000003393,ALS2,Not known,1.0,-0.8361580341686731,0.11122934145066347,-0.7249286927180096
44,ENSG00000004478,FKBP4,Not known,1.0,-1.3878231687245461,5.1394453076652695,3.751622138940723
103,ENSG00000006128,TAC1,Not known,1.0,-1.6159243210652185,0.4905223822298151,-1.1254019388354035
107,ENSG00000006283,CACNA1G,Not known,1.0,-0.3758167698175129,1.071440639305333,0.6956238694878202
119,ENSG00000006652,IFRD1,Not known,1.0,-1.370286175921507,1.6008615772123653,0.2305754012908583
122,ENSG00000006712,PAF1,Not known,1.0,-1.3120951497799835,5.711116258580072,4.399021108800088
143,ENSG00000007372,PAX6,Not known,1.0,-0.9909708995848123,9.561377244417425,8.570406344832612
156,ENSG00000008056,SYN1,Not known,1.0,-0.8812761300362746,0.12143363037345789,-0.7598424996628167
266,ENSG00000013293,SLC7A14,Not known,1.0,-0.6963317507236828,1.4670467197026562,0.7707149689789734
298,ENSG00000015676,NUDCD3,Not known,1.0,-0.5860956468670655,0.1419351227234211,-0.4441605241436444
303,ENSG00000017260,ATP2C1,Not known,1.0,-1.9092390256248128,3.086354562278339,1.1771155366535262
350,ENSG00000023516,AKAP11,Not known,1.0,-0.5146161453105395,0.5077268227819258,-0.006889322528613628
363,ENSG00000025293,PHF20,Not known,1.0,-0.9469193784954526,2.309704187539564,1.3627848090441113
370,ENSG00000025800,KPNA6,Not known,1.0,2.3893565828775376,10.314790621759816,12.704147204637353
393,ENSG00000029534,ANK1,Not known,1.0,-1.6178897240756784,1.2874720325776599,-0.3304176914980186
420,ENSG00000033867,SLC4A7,Not known,1.0,0.1445810115832059,2.189266447778533,2.333847459361739
440,ENSG00000036549,ZZZ3,Not known,1.0,-1.311860130168227,3.056355814428425,1.7444956842601982
458,ENSG00000039068,CDH1,Not known,1.0,-2.002823504605898,0.01874036629051311,-1.9840831383153852
476,ENSG00000041515,MYO16,Not known,1.0,-0.8868889761086606,0.23124496746834183,-0.6556440086403188
488,ENSG00000042753,AP2S1,Not known,1.0,-0.4814820995334903,1.279517203525843,0.7980351039923528
504,ENSG00000046653,GPM6B,Not known,1.0,-0.9958543718896077,1.1290496407666488,0.13319526887704114
528,ENSG00000048052,HDAC9,Not known,1.0,1.1417593085015592,1.706139367886613,2.847898676388172
543,ENSG00000049130,KITLG,Not known,1.0,-1.1236282082924984,0.6251134758961923,-0.49851473239630617
566,ENSG00000050438,SLC4A8,Not known,1.0,-0.520763005092475,0.0724435073328321,-0.44831949775964286
603,ENSG00000054282,SDCCAG8,Not known,1.0,0.2716655850851865,0.36279891378639306,0.6344644988715795
616,ENSG00000055044,NOP58,Not known,1.0,-0.12179772471617371,0.7659924305283896,0.6441947058122159
638,ENSG00000056998,GYG2,Not known,1.0,-2.066287798496186,3.023762219898605,0.9574744214024191
646,ENSG00000057757,PITHD1,Not known,1.0,-1.211150371637993,0.5237665419150143,-0.6873838297229787
701,ENSG00000062194,GPBP1,Not known,1.0,-1.3340767904141275,0.8318340597045377,-0.5022427307095898
702,ENSG00000062282,DGAT2,Not known,1.0,-1.1557995792344287,0.1219261668799724,-1.0338734123544562
711,ENSG00000063015,SEZ6,Not known,1.0,-1.4079117224376514,0.621784486832396,-0.7861272356052554
747,ENSG00000064655,EYA2,Not known,1.0,-1.6163720035017912,8.166809343358787,6.550437339856996
911,ENSG00000069345,DNAJA2,Not known,1.0,0.49974293657331575,0.26552588908794184,0.7652688256612576
923,ENSG00000069956,MAPK6,Not known,1.0,-0.7587208425157093,0.7305161402614678,-0.02820470225424143
933,ENSG00000070159,PTPN3,Not known,1.0,-1.4546961977478983,0.005278817162767031,-1.4494173805851311
934,ENSG00000070182,SPTB,Not known,1.0,-0.3677078851628122,0.6187057825907688,0.2509978974279566
946,ENSG00000070495,JMJD6,Not known,1.0,-0.8825156249549547,3.6528795348168006,2.770363909861846
964,ENSG00000070814,TCOF1,Not known,1.0,-0.9739033472785492,0.7828349473576305,-0.19106839992091873
987,ENSG00000071655,MBD3,Not known,1.0,-0.7664993225942475,1.474201711119711,0.7077023885254635
998,ENSG00000072071,ADGRL1,Not known,1.0,3.8817468303418976,3.0862699068423924,6.96801673718429
1019,ENSG00000072657,TRHDE,Not known,1.0,1.390300241355319,0.5957175119410273,1.9860177532963461
1020,ENSG00000072682,P4HA2,Not known,1.0,-1.0238218167114563,1.5596339343227787,0.5358121176113224
1022,ENSG00000072756,TRNT1,Not known,1.0,-1.2445413445807993,2.012382186043986,0.7678408414631868
1032,ENSG00000072952,MRVI1,Not known,1.0,-1.561780145549318,5.338676084143423,3.776895938594105
1060,ENSG00000074047,GLI2,Not known,1.0,-0.7803258578460799,0.4497058106607361,-0.33062004718534377
1144,ENSG00000076555,ACACB,Not known,1.0,-1.4075453291142768,1.5271572004608267,0.11961187134654994
1155,ENSG00000076984,MAP2K7,Not known,1.0,1.4296714194822946,3.6621307683814854,5.09180218786378
1159,ENSG00000077092,RARB,Not known,1.0,-0.9875138661372901,0.06240730548590193,-0.9251065606513882
1173,ENSG00000077380,DYNC1I2,Not known,1.0,0.83997027968114,1.4816353228210448,2.321605602502185
1191,ENSG00000078053,AMPH,Not known,1.0,-1.2409832499253473,0.6073696232126539,-0.6336136267126934
1215,ENSG00000078687,TNRC6C,Not known,1.0,-0.3033385732637774,3.1656794352994453,2.862340862035668
1228,ENSG00000079215,SLC1A3,Not known,1.0,-1.9783665007716358,inf,inf
1265,ENSG00000080573,COL5A3,Not known,1.0,-1.6452836889398579,0.48100999156790214,-1.1642736973719559
1297,ENSG00000081665,ZNF506,Not known,1.0,-0.20359563669844474,0.8150280410183084,0.6114324043198637
1300,ENSG00000081760,AACS,Not known,1.0,-1.0602314851769068,0.07532308836069188,-0.9849083968162149
1329,ENSG00000082684,SEMA5B,Not known,1.0,-1.1890730277428618,0.4787182881359196,-0.7103547396069423
1333,ENSG00000082898,XPO1,Not known,1.0,0.7578450617580063,4.696378335953976,5.454223397711982
1344,ENSG00000083444,PLOD1,Not known,1.0,1.4418958125651884,2.2693939423156726,3.7112897548808608
1397,ENSG00000085365,SCAMP1,Not known,1.0,0.4760993752384538,1.204550103219879,1.6806494784583328
1423,ENSG00000086061,DNAJA1,Not known,1.0,-1.3326296774309807,3.719388427950947,2.3867587505199666
1429,ENSG00000086205,FOLH1,Not known,1.0,-2.0733215627507313,0.7698606857821735,-1.3034608769685578
1431,ENSG00000086289,EPDR1,Not known,1.0,-1.4719712108571716,1.4747665881381498,0.0027953772809781174
1442,ENSG00000086717,PPEF1,Not known,1.0,1.0233407880708418,0.7649393099807592,1.788280098051601
1483,ENSG00000087903,RFX2,Not known,1.0,-0.9947155735087326,4.493963079460493,3.4992475059517605
1490,ENSG00000088256,GNA11,Not known,1.0,-0.022910050386676515,6.127543916548021,6.104633866161344
1524,ENSG00000089041,P2RX7,Not known,1.0,0.3809220641663748,1.8051011863999897,2.1860232505663646
1571,ENSG00000090060,PAPOLA,Not known,1.0,-1.5427070647134307,2.7987268804825383,1.2560198157691076
1584,ENSG00000090470,PDCD7,Not known,1.0,-1.6977724431863812,2.027504419091778,0.32973197590539693
1588,ENSG00000090539,CHRD,Not known,1.0,-0.5886714182104917,0.4737457287939364,-0.11492568941655534
1647,ENSG00000092096,SLC22A17,Not known,1.0,0.8706876341842753,0.7813332365445812,1.6520208707288564
1657,ENSG00000092421,SEMA6A,Not known,1.0,-2.1670259682140287,0.5522019055604683,-1.6148240626535604
1664,ENSG00000092758,COL9A3,Not known,1.0,-1.8128265143059625,0.9942213522370786,-0.8186051620688839
1665,ENSG00000092820,EZR,Not known,1.0,-1.0279839426650248,4.626310619861397,3.598326677196372
1691,ENSG00000095066,HOOK2,Not known,1.0,-0.374934452484626,0.6460026238320055,0.2710681713473795
1701,ENSG00000095383,TBC1D2,Not known,1.0,-1.6427462274430602,0.9041936080744968,-0.7385526193685634
1710,ENSG00000095713,CRTAC1,Not known,1.0,-0.7794075898730422,2.1887311650304384,1.4093235751573963
1726,ENSG00000096654,ZNF184,Not known,1.0,-0.4694540587781254,0.6235716800366455,0.15411762125852013
1780,ENSG00000099875,MKNK2,SWB1000G,3e-06,2.242689818559415,3.2039623687801444,5.446652187339559
1792,ENSG00000099957,P2RX6,Not known,1.0,3.1982705106542246,1.6735341517782623,4.871804662432487
1819,ENSG00000100083,GGA1,Not known,1.0,-0.12890555436889,0.3963705433711757,0.2674649890022857
1820,ENSG00000100084,HIRA,Not known,1.0,-0.03339922111495476,2.4414687710986347,2.4080695499836797
1822,ENSG00000100095,SEZ6L,Not known,1.0,-0.7925937939952584,1.4672457491535862,0.6746519551583278
1833,ENSG00000100138,SNU13,Not known,1.0,0.32099798031489324,0.4520308595456852,0.7730288398605785
1866,ENSG00000100276,RASL10A,Not known,1.0,-1.5754894400692512,0.9634388757607258,-0.6120505643085253
1890,ENSG00000100341,PNPLA5,Not known,1.0,-1.2272540782902113,0.26762022014411974,-0.9596338581460915
1899,ENSG00000100354,TNRC6B,Not known,1.0,-0.42627033112549756,2.592053419662339,2.1657830885368416
1903,ENSG00000100364,KIAA0930,Not known,1.0,-1.1311285373583047,5.3950720413007645,4.26394350394246
1907,ENSG00000100380,ST13,Not known,1.0,6.474986027442443,1.587748048949231,8.062734076391674
1983,ENSG00000100767,PAPLN,Not known,1.0,-0.0934412034159255,5.859221150296212,5.765779946880286
1988,ENSG00000100811,YY1,Not known,1.0,-0.530615271118746,1.6356945211167246,1.1050792499979787
1991,ENSG00000100815,TRIP11,Not known,1.0,-0.004483526085002033,1.940868150660609,1.936384624575607
2015,ENSG00000100979,PLTP,Not known,1.0,-1.170767046030998,6.7994143709501635,5.628647324919165
2032,ENSG00000101098,RIMS4,Not known,1.0,-0.6383624183196045,0.7755814127630909,0.1372189944434864
2065,ENSG00000101222,SPEF1,Not known,1.0,0.2230480063503169,0.49084345833874565,0.7138914646890626
2067,ENSG00000101236,RNF24,Not known,1.0,0.11155571203277778,0.5033079133587351,0.614863625391513
2103,ENSG00000101438,SLC32A1,Not known,1.0,-1.07083247422613,0.20094355018747811,-0.8698889240386518
2104,ENSG00000101439,CST3,Not known,1.0,-1.7385916779451076,0.2891876637964824,-1.4494040141486253
2110,ENSG00000101460,MAP1LC3A,Not known,1.0,-1.3719498190533015,0.057953326972952496,-1.313996492080349
2115,ENSG00000101489,CELF4,Not known,1.0,-0.4927109291861062,0.23592067283466456,-0.25679025635144165
2116,ENSG00000101493,ZNF516,Not known,1.0,-0.5676321636971606,0.2082196623247149,-0.35941250137244574
2117,ENSG00000101542,CDH20,Not known,1.0,-1.4088526860883204,0.643156347067385,-0.7656963390209354
2127,ENSG00000101624,CEP76,Not known,1.0,-1.3077393034029365,2.4086411951122617,1.1009018917093252
2132,ENSG00000101680,LAMA1,Not known,1.0,-1.5090348091743406,0.061835393542066484,-1.447199415632274
2133,ENSG00000101695,RNF125,Not known,1.0,-1.7578854431382767,1.5467280151010732,-0.2111574280372035
2150,ENSG00000101888,NXT2,Not known,1.0,-1.5474416247920884,1.2907761808321616,-0.25666544395992674
2159,ENSG00000101958,GLRA2,Not known,1.0,-1.6863059550202,0.2391020435462116,-1.4472039114739883
2160,ENSG00000101966,XIAP,Not known,1.0,-1.322042125616235,2.3896365394507195,1.0675944138344846
2194,ENSG00000102241,HTATSF1,Not known,1.0,-1.1075422659965348,2.325667217469234,1.218124951472699
2257,ENSG00000102924,CBLN1,Not known,1.0,-0.8556649937816196,0.007606942898716222,-0.8480580508829034
2337,ENSG00000103460,TOX3,Not known,1.0,-1.6776430402617128,0.09707124751198441,-1.5805717927497285
2369,ENSG00000103888,CEMIP,Not known,1.0,-0.5856763338135842,0.14087887146250958,-0.44479746235107465
2379,ENSG00000104059,FAM189A1,Not known,1.0,-0.6534707377550262,0.20231633695150017,-0.451154400803526
2405,ENSG00000104327,CALB1,Not known,1.0,-0.32397408812355893,2.25882926719273,1.9348551790691713
2414,ENSG00000104369,JPH1,Not known,1.0,-0.9371264995109551,0.354333176914974,-0.582793322595981
2422,ENSG00000104435,STMN2,Not known,1.0,-1.025422604523172,0.657204738304247,-0.36821786621892505
2460,ENSG00000104825,NFKBIB,Not known,1.0,-0.32918960958389587,5.43893610979607,5.109746500212174
2522,ENSG00000105223,PLD3,Not known,1.0,0.5385556624121522,1.5435381979254934,2.0820938603376455
2605,ENSG00000105698,USF2,Not known,1.0,-0.18544277523074604,0.4821250936919814,0.2966823184612354
2610,ENSG00000105707,HPN,Not known,1.0,-0.9616600303261755,0.5056410070834187,-0.4560190232427568
2633,ENSG00000105854,PON2,Not known,1.0,-1.7128617228218095,3.108666293876835,1.3958045710550253
2647,ENSG00000105963,ADAP1,Not known,1.0,-0.2554353294132178,2.381188436015573,2.125753106602355
2651,ENSG00000105976,MET,Not known,1.0,-1.6879237386551509,0.26832960981902193,-1.419594128836129
2653,ENSG00000105993,DNAJB6,Not known,1.0,-0.6182160048957164,1.3942522152995434,0.776036210403827
2692,ENSG00000106346,USP42,Not known,1.0,-1.86704931968039,0.0883966745297427,-1.7786526451506472
2697,ENSG00000106367,AP1S1,Not known,1.0,-0.1822160632904421,0.6037334559176498,0.4215173926272077
2699,ENSG00000106397,PLOD3,Not known,1.0,-1.1795321107652208,3.6357032344040183,2.4561711236387973
2704,ENSG00000106443,PHF14,Not known,1.0,0.6806443457115016,3.0324440743030627,3.7130884200145644
2713,ENSG00000106537,TSPAN13,Not known,1.0,-0.6910453857363102,0.0757262034287779,-0.6153191823075324
2736,ENSG00000106665,CLIP2,Not known,1.0,-1.319756811431611,3.151808256049822,1.8320514446182112
2738,ENSG00000106683,LIMK1,Not known,1.0,0.6896476281680438,0.18212484172165774,0.8717724698897016
2745,ENSG00000106723,SPIN1,Not known,1.0,-0.23112963376329448,0.49827472833986175,0.26714509457656727
2757,ENSG00000106852,LHX6,Not known,1.0,-1.5526073147965942,1.9336488107534335,0.38104149595683934
2763,ENSG00000106992,AK1,Not known,1.0,-0.3348474622003506,0.8237418506041013,0.4888943884037507
2786,ENSG00000107282,APBA1,Not known,1.0,-1.3775448962851755,0.5834449784776823,-0.7940999178074932
2792,ENSG00000107341,UBE2R2,Not known,1.0,-0.58734884727758,0.5007660638701154,-0.08658278340746461
2796,ENSG00000107404,DVL1,Not known,1.0,-1.0641213205671145,0.806764687599723,-0.25735663296739153
2875,ENSG00000108262,GIT1,Not known,1.0,-1.3047111504101392,0.39856976916123504,-0.9061413812489041
2884,ENSG00000108375,RNF43,Not known,1.0,-1.764249168355504,2.7553754688783845,0.9911263005228805
2951,ENSG00000108848,LUC7L3,Not known,1.0,0.5543995421117143,1.3637336840290912,1.9181332261408055
2959,ENSG00000108947,EFNB3,Not known,1.0,-0.8890490715021931,0.16184690865774135,-0.7272021628444518
2966,ENSG00000109062,SLC9A3R1,Not known,1.0,-1.216741291847661,2.895090849615182,1.678349557767521
3031,ENSG00000109846,CRYAB,Not known,1.0,1.7125012158775805,3.1829455654925876,4.895446781370168
3035,ENSG00000109906,ZBTB16,Not known,1.0,-0.803669757482248,1.7801480875392277,0.9764783300569797
3069,ENSG00000110172,CHORDC1,Not known,1.0,-1.8768459197402465,2.3541871137433983,0.4773411940031518
3135,ENSG00000110958,PTGES3,Not known,1.0,1.2647069989041597,4.145017685362559,5.409724684266719
3186,ENSG00000111596,CNOT2,Not known,1.0,-0.8625740849548793,0.6581782990720515,-0.2043957858828278
3225,ENSG00000111799,COL12A1,Not known,1.0,0.5653823132225807,0.6028196819953036,1.1682019952178844
3230,ENSG00000111837,MAK,Not known,1.0,-1.133556668810287,0.9989977824553576,-0.1345588863549293
3260,ENSG00000112110,MRPL18,Not known,1.0,-1.5142169882321075,0.1781556794825712,-1.3360613087495363
3263,ENSG00000112137,PHACTR1,Not known,1.0,2.294074939909053,1.4289266706271602,3.723001610536213
3267,ENSG00000112149,CD83,Not known,1.0,0.3142535339556261,1.5247133690737709,1.838966903029397
3296,ENSG00000112320,SOBP,Not known,1.0,0.2601805452928587,2.537864265025429,2.798044810318288
3316,ENSG00000112561,TFEB,Not known,1.0,-1.0636550868634012,0.510352341653796,-0.5533027452096052
3343,ENSG00000112787,FBRSL1,Not known,1.0,-1.6263480441065588,2.2650218609617356,0.6386738168551769
3365,ENSG00000113100,CDH9,Not known,1.0,-0.9581723491751555,0.5845173778781457,-0.37365497129700975
3373,ENSG00000113209,PCDHB5,Not known,1.0,-1.491974272228675,0.7734100185402374,-0.7185642536884377
3378,ENSG00000113262,GRM6,Not known,1.0,-0.47999253834479993,2.5838765358209526,2.1038839974761525
3387,ENSG00000113319,RASGRF2,Not known,1.0,-0.3068287575238085,0.07059448075080532,-0.23623427677300318
3416,ENSG00000113595,TRIM23,Not known,1.0,-0.22671948166576572,3.002130911908012,2.7754114302422463
3470,ENSG00000114302,PRKAR2A,Not known,1.0,1.7210207155441484,6.663543981749121,8.38456469729327
3483,ENSG00000114416,FXR1,Not known,1.0,0.7115201949229092,3.258835538985927,3.970355733908836
3504,ENSG00000114698,PLSCR4,Not known,1.0,-1.6414465252916435,5.032062734831485,3.390616209539842
3516,ENSG00000114790,ARHGEF26,Not known,1.0,-1.7902033483697006,11.997557453843628,10.207354105473927
3519,ENSG00000114812,VIPR1,Not known,1.0,0.3194872047862054,1.414977784852833,1.7344649896390385
3593,ENSG00000115380,EFEMP1,Not known,1.0,-1.7625818643250317,3.5110209678284936,1.7484391035034619
3617,ENSG00000115541,HSPE1,Not known,1.0,-1.5639705226844094,0.052572898605833175,-1.5113976240785763
3632,ENSG00000115685,PPP1R7,Not known,1.0,-1.0778365654082218,0.12754143607626578,-0.950295129331956
3647,ENSG00000115828,QPCT,Not known,1.0,-1.1436841853670645,0.2667403167184203,-0.8769438686486442
3654,ENSG00000115902,SLC1A4,Not known,1.0,-1.9331106954527388,5.459576070134497,3.5264653746817576
3803,ENSG00000117154,IGSF21,Not known,1.0,-0.00021327048593675448,0.4261654005072474,0.4259521300213106
3805,ENSG00000117174,ZNHIT6,Not known,1.0,-0.6932317426206422,5.967842690766045,5.274610948145403
3852,ENSG00000117602,RCAN3,Not known,1.0,-1.3303888662825964,0.894055670406922,-0.43633319587567443
3857,ENSG00000117632,STMN1,Not known,1.0,0.007326677595892594,1.5278677096179394,1.535194387213832
3864,ENSG00000117707,PROX1,Not known,1.0,-1.702676892513001,1.5376466084573535,-0.16503028405564746
3879,ENSG00000118046,STK11,Not known,1.0,-1.4739229688215423,0.13312175697889164,-1.3408012118426507
3880,ENSG00000118058,KMT2A,Not known,1.0,0.41445949253042674,1.4995413799429818,1.9140008724734086
3907,ENSG00000118432,CNR1,Not known,1.0,-1.2511795601305808,0.19023866945115217,-1.0609408906794286
3924,ENSG00000118620,ZNF430,Not known,1.0,-1.1810274114308752,0.28959821392682317,-0.891429197504052
3928,ENSG00000118689,FOXO3,Not known,1.0,-0.8374394529137433,0.6377364589181992,-0.19970299399554414
3949,ENSG00000118997,DNAH7,Not known,1.0,-1.0442133547797015,1.0019071174483123,-0.04230623733138916
3950,ENSG00000119004,CYP20A1,Not known,1.0,2.8752358331814256,6.315043058606131,9.190278891787557
3952,ENSG00000119041,GTF3C3,Not known,1.0,-1.4610913309493203,0.5379803579102935,-0.9231109730390268
4019,ENSG00000119699,TGFB3,Not known,1.0,-0.8713293129396328,1.5443488946711657,0.6730195817315329
4023,ENSG00000119711,ALDH6A1,Not known,1.0,-0.7906222991668823,3.512144627973392,2.72152232880651
4040,ENSG00000119820,YIPF4,Not known,1.0,0.7800115040870127,5.973626010951168,6.753637515038181
4042,ENSG00000119862,LGALSL,Not known,1.0,-1.0225039729403789,0.17123539306136035,-0.8512685798790185
4067,ENSG00000120053,GOT1,Not known,1.0,-1.445302885047365,5.600754850611182,4.155451965563817
4100,ENSG00000120549,KIAA1217,Not known,1.0,-0.3522014790586423,1.381877483722883,1.0296760046642408
4114,ENSG00000120694,HSPH1,Not known,1.0,-0.15447066949346383,1.622325163275133,1.467854493781669
4140,ENSG00000120885,CLU,Not known,1.0,-1.7149238336571413,10.967607655537506,9.252683821880364
4148,ENSG00000120915,EPHX2,Not known,1.0,-1.6784266515201984,0.16081981213884822,-1.5176068393813502
4193,ENSG00000121753,ADGRB2,Not known,1.0,0.16549227565078312,1.845299559771622,2.0107918354224052
4195,ENSG00000121769,FABP3,Not known,1.0,-1.163786365361793,0.0225014663012192,-1.1412848990605737
4240,ENSG00000122386,ZNF205,Not known,1.0,-0.8806232001776644,0.6827979975523116,-0.19782520262535275
4248,ENSG00000122483,CCDC18,Not known,1.0,-1.1246018256523298,0.12955081202349106,-0.9950510136288387
4249,ENSG00000122484,RPAP2,Not known,1.0,0.0012035872855962692,1.7336485203732521,1.7348521076588483
4250,ENSG00000122490,PQLC1,Not known,1.0,-0.6445292600298227,0.1799598752936627,-0.46456938473616
4263,ENSG00000122591,FAM126A,Not known,1.0,-0.8709775197804477,0.46752854959047,-0.40344897018997766
4273,ENSG00000122694,GLIPR2,Not known,1.0,-1.307928526885702,0.11659230625927874,-1.191336220626423
4275,ENSG00000122705,CLTA,Not known,1.0,-0.9876233100418795,0.2298262447721577,-0.7577970652697218
4292,ENSG00000122884,P4HA1,Not known,1.0,2.934163278439861,3.0699768160011645,6.004140094441025
4299,ENSG00000122971,ACADS,Not known,1.0,-1.6823555291919783,0.7195714584181859,-0.9627840707737924
4307,ENSG00000123096,SSPN,Not known,1.0,-0.554795080840256,0.9885279563232166,0.4337328754829606
4308,ENSG00000123104,ITPR2,Not known,1.0,0.34876172608263784,2.9914725906153112,3.340234316697949
4323,ENSG00000123200,ZC3H13,Not known,1.0,-0.19557962073279822,3.2832194605096445,3.0876398397768465
4385,ENSG00000124145,SDC4,Not known,1.0,-1.6271186921122691,8.514920635057152,6.887801942944883
4392,ENSG00000124177,CHD6,Not known,1.0,-1.1397491686975005,0.17024663408654703,-0.9695025346109535
4412,ENSG00000124251,TP53TG5,Not known,1.0,-1.7622587203297877,2.796045614345218,1.0337868940154304
4485,ENSG00000125246,CLYBL,Not known,1.0,-1.3948701411767057,0.29224350161406387,-1.1026266395626418
4493,ENSG00000125351,UPF3B,Not known,1.0,-1.7424928826075727,0.5977855693756995,-1.1447073132318732
4502,ENSG00000125398,SOX9,Not known,1.0,-1.8351371104625662,6.745083177462575,4.909946067000009
4517,ENSG00000125510,OPRL1,Not known,1.0,0.354246518682027,2.2250454747342983,2.579291993416325
4566,ENSG00000125848,FLRT3,Not known,1.0,-0.10353706930971414,0.8225172838480452,0.718980214538331
4570,ENSG00000125868,DSTN,Not known,1.0,0.12745402556662985,0.12791247139671658,0.25536649696334646
4571,ENSG00000125869,LAMP5,Not known,1.0,-1.2741933143926516,0.6808907477466024,-0.5933025666460492
4590,ENSG00000125977,EIF2S2,Not known,1.0,-0.8583898747875849,0.9033042253319947,0.04491435054440984
4634,ENSG00000126653,NSRP1,Not known,1.0,0.6659684020522235,0.37900185988893587,1.0449702619411594
4654,ENSG00000126860,EVI2A,Not known,1.0,-2.5638650158742204,1.8243154499116614,-0.739549565962559
4695,ENSG00000127445,PIN1,Not known,1.0,3.6590897169066743,2.708990678781816,6.368080395688491
4702,ENSG00000127511,SIN3B,Not known,1.0,-0.10929739372562751,0.10687125275716507,-0.0024261409684624424
4780,ENSG00000128564,VGF,Not known,1.0,0.24362688805802551,0.46778626685635694,0.7114131549143825
4787,ENSG00000128591,FLNC,Not known,1.0,-1.2139159499123247,0.447917993148263,-0.7659979567640616
4791,ENSG00000128602,SMO,Not known,1.0,-0.9158672728939244,2.0254036539585343,1.10953638106461
4800,ENSG00000128683,GAD1,Not known,1.0,-1.5412028530734534,0.19279300600918498,-1.3484098470642685
4808,ENSG00000128805,ARHGAP22,Not known,1.0,-1.23278803599665,4.305602965126367,3.0728149291297164
4836,ENSG00000129151,BBOX1,Not known,1.0,-1.6490826172141309,7.808291843275273,6.159209226061142
4845,ENSG00000129244,ATP1B2,Not known,1.0,-1.987680687131127,11.067332656048352,9.079651968917226
4877,ENSG00000129625,REEP5,Not known,1.0,-0.7535785975376821,0.6128322282608133,-0.1407463692768688
4895,ENSG00000129968,ABHD17A,Not known,1.0,0.11081151927715846,1.784103194892846,1.8949147141700045
4911,ENSG00000130150,MOSPD2,Not known,1.0,-1.8085119676778,1.3038006515740799,-0.5047113161037202
4949,ENSG00000130368,MAS1,Not known,1.0,-1.2410780286497434,0.4573711134432519,-0.7837069152064915
4959,ENSG00000130479,MAP1S,Not known,1.0,0.7643306717353316,0.3617613120989583,1.12609198383429
5001,ENSG00000130748,TMEM160,Not known,1.0,-1.0654680932651759,2.7160412388820467,1.6505731456168709
5038,ENSG00000130997,POLN,Not known,1.0,-0.7661064951409298,1.3874327655747556,0.6213262704338258
5051,ENSG00000131095,GFAP,Not known,1.0,-1.2734746479091104,0.23374393725853057,-1.0397307106505798
5085,ENSG00000131409,LRRC4B,Not known,1.0,-0.5478516328910683,0.3363498078899259,-0.2115018250011424
5099,ENSG00000131503,ANKHD1,Not known,1.0,-1.5516634186809115,0.0013581015880919475,-1.5503053170928196
5111,ENSG00000131669,NINJ1,Not known,1.0,1.4382649544754535,0.6702841229076312,2.108549077383085
5120,ENSG00000131771,PPP1R1B,Not known,1.0,-1.0877441398148273,0.21680917283812917,-0.8709349669766981
5139,ENSG00000131941,RHPN2,Not known,1.0,-1.683968344206175,5.8871813989920545,4.20321305478588
5145,ENSG00000132002,DNAJB1,Not known,1.0,0.9625529437887849,0.7564392183157717,1.7189921621045565
5216,ENSG00000132563,REEP2,Not known,1.0,1.2602905311060735,0.6084642273570988,1.8687547584631723
5261,ENSG00000132846,ZBED3,Not known,1.0,-1.034398691678286,0.2374403551359717,-0.7969583365423142
5279,ENSG00000133026,MYH10,Not known,1.0,0.14685413644451786,1.7511635577800413,1.8980176942245592
5285,ENSG00000133059,DSTYK,Not known,1.0,-1.2590327358010116,0.2947594438746212,-0.9642732919263903
5290,ENSG00000133103,COG6,Not known,1.0,-1.0333382767484687,1.821253276397637,0.7879149996491683
5291,ENSG00000133104,SPART,Not known,1.0,0.8232109722980577,0.6274438010184017,1.4506547733164594
5308,ENSG00000133243,BTBD2,Not known,1.0,-0.9698029412653215,1.6162657557602311,0.6464628144949096
5334,ENSG00000133612,AGAP3,Not known,1.0,-0.5947680432890955,2.5328162735123216,1.938048230223226
5361,ENSG00000133878,DUSP26,Not known,1.0,-1.1165824028456337,0.9777542939581522,-0.13882810888748154
5365,ENSG00000133943,DGLUCY,Not known,1.0,-1.4609672291717197,0.6268225874484813,-0.8341446417232384
5385,ENSG00000134086,VHL,Not known,1.0,-1.0814674165250855,1.4835699283500805,0.402102511824995
5387,ENSG00000134108,ARL8B,Not known,1.0,0.9054603513010737,1.5041167850569854,2.409577136358059
5389,ENSG00000134115,CNTN6,Not known,1.0,-1.243299563986388,0.13209307082164717,-1.1112064931647407
5447,ENSG00000134569,LRP4,Not known,1.0,-1.9431033979772916,8.846978873374391,6.9038754753971
5449,ENSG00000134575,ACP2,Not known,1.0,0.008851771871164378,0.4271844397221979,0.43603621159336226
5454,ENSG00000134644,PUM1,Not known,1.0,-1.0356196582893862,0.3503547813369441,-0.6852648769524421
5491,ENSG00000134909,ARHGAP32,Not known,1.0,-1.132127302630992,0.19784663869632074,-0.9342806639346712
5495,ENSG00000134955,SLC37A2,Not known,1.0,-1.1824198925624398,1.1499922373523,-0.032427655210139905
5498,ENSG00000134986,NREP,Not known,1.0,0.3389542178202107,1.2742507144981732,1.613204932318384
5511,ENSG00000135069,PSAT1,Not known,1.0,-1.6832625456517436,2.0635965744434825,0.38033402879173894
5518,ENSG00000135097,MSI1,Not known,1.0,-1.077531287783413,1.7201840367633694,0.6426527489799565
5542,ENSG00000135316,SYNCRIP,Not known,1.0,-0.8202521634082716,3.8988506222689554,3.078598458860684
5593,ENSG00000135625,EGR4,Not known,1.0,-1.4622366285459232,0.030034479283999858,-1.4322021492619232
5597,ENSG00000135637,CCDC142,Not known,1.0,0.9757500765891967,6.11007948914777,7.085829565736967
5611,ENSG00000135744,AGT,Not known,1.0,-1.9884774381231831,10.850191438830874,8.86171400070769
5613,ENSG00000135750,KCNK1,Not known,1.0,-0.23637451743184298,1.6359603146977624,1.3995857972659194
5623,ENSG00000135824,RGS8,Not known,1.0,-1.8160301087855675,0.11102328238029467,-1.705006826405273
5638,ENSG00000135916,ITM2C,Not known,1.0,-1.2862542009564235,0.75273995743156,-0.5335142435248635
5640,ENSG00000135919,SERPINE2,Not known,1.0,-0.7658079001722606,8.868815598853107,8.103007698680846
5685,ENSG00000136153,LMO7,Not known,1.0,0.1651296551434345,0.07615343106718617,0.24128308621062067
5695,ENSG00000136213,CHST12,Not known,1.0,-1.4285129701087331,0.6894852416452031,-0.73902772846353
5736,ENSG00000136535,TBR1,Not known,1.0,-1.2440516827181445,0.20604871137863212,-1.0380029713395125
5751,ENSG00000136717,BIN1,Not known,1.0,-1.7744349453735548,0.16049063553448523,-1.6139443098390696
5768,ENSG00000136819,C9orf78,Not known,1.0,-0.46285759839843515,0.24832621932810278,-0.21453137907033237
5812,ENSG00000137033,IL33,Not known,1.0,-0.9139945254747794,0.13916365903936334,-0.7748308664354161
5897,ENSG00000137693,YAP1,Not known,1.0,-1.356064887045335,1.5561669706469743,0.2001020836016394
5903,ENSG00000137726,FXYD6,Not known,1.0,-0.9817343538838755,0.2399036626147156,-0.7418306912691599
5933,ENSG00000137872,SEMA6D,PA,2e-06,-1.0477142888194915,1.860334141343408,0.8126198525239166
5949,ENSG00000138018,SELENOI,Not known,1.0,-0.4842262224374643,0.7860599334136558,0.30183371097619144
5986,ENSG00000138207,RBP4,Not known,1.0,-0.7708437987553431,0.953632523465752,0.18278872471040886
6017,ENSG00000138448,ITGAV,Not known,1.0,-1.184731397845688,1.7843609637294722,0.5996295658837842
6035,ENSG00000138622,HCN4,Not known,1.0,-1.0157039841718534,0.05553786703158225,-0.9601661171402711
6053,ENSG00000138686,BBS7,Not known,1.0,-0.9904942867315287,0.007995650252344716,-0.982498636479184
6055,ENSG00000138696,BMPR1B,Not known,1.0,-1.9415269540001474,inf,inf
6085,ENSG00000138834,MAPK8IP3,Not known,1.0,4.450528747823726,0.40632224505025893,4.8568509928739845
6099,ENSG00000139155,SLCO1C1,Not known,1.0,-1.8644824763464163,13.917163272250374,12.052680795903957
6102,ENSG00000139168,ZCRB1,Not known,1.0,-0.9357543976493026,0.6383205838083611,-0.2974338138409415
6108,ENSG00000139190,VAMP1,Not known,1.0,0.5635860542066019,0.47750245134688785,1.0410885055534898
6127,ENSG00000139351,SYCP3,Not known,1.0,-1.6120284960721365,0.4753245564332231,-1.1367039396389134
6135,ENSG00000139433,GLTP,Not known,1.0,-1.3960477311528339,0.5303982399563791,-0.8656494911964547
6154,ENSG00000139629,GALNT6,Not known,1.0,-2.0008200543771038,0.3621572533512707,-1.638662801025833
6175,ENSG00000139746,RBM26,Not known,1.0,0.23585645164862065,0.26051496290432286,0.49637141455294354
6198,ENSG00000140015,KCNH5,Not known,1.0,1.3968223443448162,0.40537651249893986,1.8021988568437561
6199,ENSG00000140022,STON2,Not known,1.0,-1.9899761269984564,7.952890321631374,5.962914194632917
6203,ENSG00000140067,FAM181A,Not known,1.0,-1.716624634823076,3.3921217503891072,1.6754971155660312
6210,ENSG00000140199,SLC12A6,Not known,1.0,-1.2403902109134466,2.5983172737476523,1.3579270628342057
6330,ENSG00000141338,ABCA8,Not known,1.0,-1.627007080387025,0.6546269601594006,-0.9723801202276243
6340,ENSG00000141404,GNAL,Not known,1.0,-1.887862450287991,0.6296842726092123,-1.2581781776787788
6346,ENSG00000141433,ADCYAP1,Not known,1.0,-0.008317307755223163,1.310081384771672,1.3017640770164487
6365,ENSG00000141524,TMC6,Not known,1.0,-1.5276763586353406,0.5877376821160462,-0.9399386765192944
6391,ENSG00000141664,ZCCHC2,Not known,1.0,-1.5623895402609005,1.5724994990835712,0.01010995882267074
6393,ENSG00000141668,CBLN2,Not known,1.0,0.7602815584707391,2.9469921113113147,3.7072736697820536
6471,ENSG00000142634,EFHD2,Not known,1.0,-0.7623231907227775,0.034432153545517104,-0.7278910371772604
6483,ENSG00000142784,WDTC1,Not known,1.0,-0.7167920132015329,0.03935617954795335,-0.6774358336535795
6490,ENSG00000142875,PRKACB,Not known,1.0,-0.5493610914048517,0.8892951942734573,0.3399341028686056
6537,ENSG00000143315,PIGM,Not known,1.0,0.7240533078941747,0.9694046605536311,1.6934579684478057
6545,ENSG00000143344,RGL1,Not known,1.0,-1.7551378193202534,0.6261175809221183,-1.1290202383981351
6585,ENSG00000143514,TP53BP2,Not known,1.0,-2.1081555183583616,14.913197085032778,12.805041566674415
6600,ENSG00000143603,KCNN3,Not known,1.0,-0.9576389228012089,0.9258485145310839,-0.031790408270125026
6627,ENSG00000143793,C1orf35,Not known,1.0,-0.8979998372489392,0.8149830821383327,-0.08301675511060647
6636,ENSG00000143847,PPFIA4,Not known,1.0,0.5698856578826481,0.6125308465700348,1.1824165044526829
6662,ENSG00000144040,SFXN5,Not known,1.0,-0.6561868756797917,4.486862943379205,3.8306760676994136
6692,ENSG00000144355,DLX1,Not known,1.0,-2.2902041036683625,0.7564036924739577,-1.5338004111944048
6694,ENSG00000144366,GULP1,Not known,1.0,-0.5888481322065631,1.4374879180484332,0.8486397858418702
6696,ENSG00000144381,HSPD1,Not known,1.0,2.2753483301899995,3.665919975506857,5.941268305696857
6699,ENSG00000144407,PTH2R,SWB1000G,3e-06,-0.4966873091236071,1.3260056699139031,0.8293183607902961
6706,ENSG00000144476,ACKR3,Not known,1.0,-1.6157061840660172,0.5266707843252266,-1.0890353997407907
6745,ENSG00000144749,LRIG1,Not known,1.0,-1.791094074085321,9.54284417061862,7.751750096533299
6764,ENSG00000144908,ALDH1L1,Not known,1.0,-0.4144791737328191,5.552429952739401,5.137950779006582
6767,ENSG00000144959,NCEH1,Not known,1.0,-1.0146265001387935,0.17691835068635628,-0.8377081494524372
6790,ENSG00000145242,EPHA5,Not known,1.0,0.13710573413644636,1.4759627476649781,1.6130684818014245
6797,ENSG00000145335,SNCA,Not known,1.0,-0.34786377165821036,0.7111055649268854,0.363241793268675
6799,ENSG00000145349,CAMK2D,Not known,1.0,-0.2830955314126373,0.4364986913766785,0.1534031599640412
6816,ENSG00000145451,GLRA3,Not known,1.0,0.2568397474465189,0.7578020694981997,1.0146418169447187
6824,ENSG00000145555,MYO10,Not known,1.0,-0.8364050040643594,0.03345179443609645,-0.8029532096282629
6856,ENSG00000145864,GABRB2,Not known,1.0,-0.5865058102657742,0.3851815473762975,-0.2013242628894767
6871,ENSG00000145982,FARS2,Not known,1.0,-1.3016514988943901,2.596261641173156,1.294610142278766
6892,ENSG00000146147,MLIP,Not known,1.0,-0.2607135374926624,0.0025211979156647985,-0.2581923395769976
6895,ENSG00000146197,SCUBE3,Not known,1.0,-0.8464604719820594,5.556007942087073,4.709547470105014
6901,ENSG00000146242,TPBG,Not known,1.0,-0.6670911533930477,0.0004900015569080535,-0.6666011518361397
6904,ENSG00000146250,PRSS35,Not known,1.0,-1.7084802420971867,4.629452091883786,2.920971849786599
6917,ENSG00000146409,SLC18B1,Not known,1.0,-1.5917128580670563,0.6783029305905764,-0.9134099274764799
7014,ENSG00000147481,SNTG1,Not known,1.0,1.1194057927306587,7.788057292767828,8.907463085498486
7030,ENSG00000147655,RSPO2,Not known,1.0,-0.05996514474626029,0.5721958046297134,0.5122306598834532
7054,ENSG00000148019,CEP78,Not known,1.0,-0.4814195062005721,1.9512718819849886,1.4698523757844164
7057,ENSG00000148082,SHC3,Not known,1.0,-1.4254001868542878,0.4989229917734454,-0.9264771950808424
7072,ENSG00000148219,ASTN2,Not known,1.0,-1.2061372531502808,2.7242280135683363,1.5180907604180556
7107,ENSG00000148482,SLC39A12,Not known,1.0,-0.7429239862878521,7.442553864031526,6.699629877743673
7110,ENSG00000148516,ZEB1,Not known,1.0,-0.8806110585002269,4.156168516024092,3.275557457523865
7122,ENSG00000148700,ADD3,Not known,1.0,-1.144573310067626,2.383671294923753,1.239097984856127
7151,ENSG00000149090,PAMR1,Not known,1.0,-1.1139638508633194,5.331131661047761,4.217167810184441
7161,ENSG00000149187,CELF1,Not known,1.0,-1.1610700659664468,0.10098306650741821,-1.0600869994590285
7176,ENSG00000149305,HTR3B,Not known,1.0,-0.9333129402808026,0.30771988236031794,-0.6255930579204847
7179,ENSG00000149313,AASDHPPT,Not known,1.0,0.039308445970007246,0.6265316602662531,0.6658401062362603
7198,ENSG00000149547,EI24,Not known,1.0,-0.8482952631836672,0.45025802509821683,-0.3980372380854504
7236,ENSG00000150051,MKX,Not known,1.0,-0.9557440203938181,0.05594211143748019,-0.8998019089563379
7237,ENSG00000150054,MPP7,Not known,1.0,-0.012338400061002994,1.3178562629972788,1.3055178629362758
7244,ENSG00000150394,CDH8,Not known,1.0,-0.8801844529752404,0.36443566601901917,-0.5157487869562212
7259,ENSG00000150594,ADRA2A,Not known,1.0,-0.4372992550553795,0.4211608742822978,-0.016138380773081662
7270,ENSG00000150764,DIXDC1,Not known,1.0,-1.1268602943675883,0.1832837780937773,-0.943576516273811
7286,ENSG00000150995,ITPR1,Not known,1.0,-0.6959498240662269,0.3207918807338585,-0.37515794333236835
7288,ENSG00000151012,SLC7A11,Not known,1.0,-1.6459854281846693,4.146388382889157,2.5004029547044873
7293,ENSG00000151067,CACNA1C,Not known,1.0,-0.5721005458552838,0.3950403603561653,-0.1770601854991185
7301,ENSG00000151136,BTBD11,Not known,1.0,-1.0164791318639435,1.9450016557959153,0.9285225239319719
7330,ENSG00000151461,UPF2,Not known,1.0,-1.3321548568180068,1.770501962091943,0.4383471052739363
7336,ENSG00000151490,PTPRO,Not known,1.0,-1.3836164617184301,0.33716252571850774,-1.0464539359999223
7372,ENSG00000151789,ZNF385D,Not known,1.0,-1.3312058571001657,0.3514901629391434,-0.9797156941610223
7390,ENSG00000152034,MCHR2,Not known,1.0,-0.37821386479375635,0.05130100075877854,-0.3269128640349778
7410,ENSG00000152214,RIT2,Not known,1.0,-0.9225077570175839,0.4142596008682819,-0.508248156149302
7436,ENSG00000152457,DCLRE1C,Not known,1.0,-0.6459847806038778,0.7086143847634542,0.06262960415957641
7438,ENSG00000152465,NMT2,Not known,1.0,0.5514817204665801,2.233923296149089,2.785405016615669
7449,ENSG00000152578,GRIA4,Not known,1.0,-0.8308323998721467,0.4878768253538295,-0.34295557451831726
7456,ENSG00000152661,GJA1,Not known,1.0,-1.404061145400942,6.145639832002586,4.741578686601644
7472,ENSG00000152822,GRM1,Not known,1.0,0.06773345492127791,1.6026880540458257,1.6704215089671037
7483,ENSG00000152954,NRSN1,Not known,1.0,0.45974054556550425,0.2468408349938095,0.7065813805593137
7487,ENSG00000153006,SREK1IP1,Not known,1.0,-1.1669882805491427,0.4938572198362846,-0.6731310607128581
7509,ENSG00000153208,MERTK,Not known,1.0,-1.636776563340825,2.2363686479921356,0.5995920846513105
7545,ENSG00000153820,SPHKAP,Not known,1.0,-1.6260470245809133,0.22334421426150888,-1.4027028103194044
7559,ENSG00000153944,MSI2,Not known,1.0,-1.4307498961182006,0.5170012842868166,-0.913748611831384
7581,ENSG00000154146,NRGN,Not known,1.0,-0.949963904859043,0.6350488483639338,-0.3149150564951092
7585,ENSG00000154217,PITPNC1,Not known,1.0,-1.4206768389929332,0.40655013616855107,-1.014126702824382
7587,ENSG00000154229,PRKCA,Not known,1.0,-1.2583080966411224,0.007551569378499315,-1.250756527262623
7588,ENSG00000154237,LRRK1,Not known,1.0,-0.2396028902510373,0.9161587526591104,0.6765558624080731
7609,ENSG00000154478,GPR26,Not known,1.0,-1.0702684410273207,0.5997676668976855,-0.4705007741296352
7638,ENSG00000154822,PLCL2,Not known,1.0,-1.307031074493645,0.23433476675409232,-1.0726963077395528
7645,ENSG00000154898,CCDC144CP,Not known,1.0,-0.5174246245398136,0.9798355344896527,0.462410909949839
7656,ENSG00000155034,FBXL18,Not known,1.0,-0.9006676719059871,0.01577804726349578,-0.8848896246424913
7730,ENSG00000155974,GRIP1,Not known,1.0,-1.559847805801718,0.5724921409138855,-0.9873556648878326
7740,ENSG00000156052,GNAQ,Not known,1.0,-0.39516208613463205,0.0432913954169706,-0.35187069071766147
7768,ENSG00000156395,SORCS3,Not known,1.0,-0.13991113358179647,1.981029579885536,1.8411184463037396
7779,ENSG00000156486,KCNS2,Not known,1.0,0.13645145890772006,0.49817189357689884,0.6346233524846189
7794,ENSG00000156650,KAT6B,Not known,1.0,-1.2296952195916326,0.7496396527402358,-0.48005556685139683
7815,ENSG00000156958,GALK2,Not known,1.0,-1.4351643111387138,1.6258793148561397,0.1907150037174259
7820,ENSG00000156976,EIF4A2,Not known,1.0,-0.7789433934984658,0.3355086881047182,-0.4434347053937476
7867,ENSG00000157502,MUM1L1,Not known,1.0,3.0342937557965595,0.5607308365173045,3.595024592313864
7920,ENSG00000158079,PTPDC1,Not known,1.0,-1.7313215084897196,1.618203630431921,-0.1131178780577986
7921,ENSG00000158089,GALNT14,Not known,1.0,-0.5058604930511782,0.02358260842921975,-0.4822778846219584
7934,ENSG00000158201,ABHD3,Not known,1.0,1.242689222685695,3.856839436125708,5.099528658811403
7937,ENSG00000158258,CLSTN2,Not known,1.0,-0.6190966056020615,0.24323518476512046,-0.375861420836941
7944,ENSG00000158315,RHBDL2,Not known,1.0,-0.27043445172013814,1.1378344512178904,0.8673999994977523
7963,ENSG00000158555,GDPD5,Not known,1.0,0.7951776597275989,0.18834589395948392,0.9835235536870828
7980,ENSG00000158792,SPATA2L,Not known,1.0,0.1155777257161062,0.1947609281323145,0.3103386538484207
8025,ENSG00000159248,GJD2,Not known,1.0,-1.088467620435152,1.593563312922409,0.5050956924872569
8037,ENSG00000159363,ATP13A2,Not known,1.0,-0.3275821103925319,0.9410491886394072,0.6134670782468754
8044,ENSG00000159433,STARD9,Not known,1.0,-0.46326834810574696,0.4935232410233198,0.03025489291757283
8072,ENSG00000159873,CCDC117,Not known,1.0,1.292275369118855,3.3568709811606774,4.6491463502795325
8083,ENSG00000160049,DFFA,Not known,1.0,-0.7206592498883919,0.7209617640561029,0.0003025141677109877
8095,ENSG00000160113,NR2F6,Not known,1.0,-0.4061753063134112,1.7810906201891612,1.37491531387575
8148,ENSG00000160469,BRSK1,Not known,1.0,2.0411982890928813,0.1867586644380939,2.2279569535309753
8153,ENSG00000160584,SIK3,"SWB,SWB1000G",2.0530000000000002e-14,-0.6901121276048814,0.6370155957357323,-0.05309653186914909
8155,ENSG00000160613,PCSK7,Not known,1.0,-1.536403641229958,0.053395219314248364,-1.4830084219157096
8199,ENSG00000160972,PPP1R16A,Not known,1.0,-1.0191432851580928,1.6385312279533089,0.619387942795216
8234,ENSG00000161544,CYGB,Not known,1.0,-0.8688970997714981,0.02651195557828943,-0.8423851441932086
8300,ENSG00000162373,BEND5,Not known,1.0,-1.0857226272160905,1.1378097484467538,0.05208712123066328
8351,ENSG00000162616,DNAJB4,Not known,1.0,1.5907011353847351,2.0676825870601623,3.6583837224448974
8356,ENSG00000162631,NTNG1,Not known,1.0,-0.6784734447537616,0.7204121222676022,0.041938677513840616
8372,ENSG00000162706,CADM3,Not known,1.0,-1.0205703402032165,0.04858720618449359,-0.9719831340187228
8381,ENSG00000162738,VANGL2,Not known,1.0,-0.051222986284898346,0.665631056714812,0.6144080704299137
8413,ENSG00000162951,LRRTM1,Not known,1.0,-0.07226564017585799,1.1992952790482976,1.1270296388724397
8414,ENSG00000162959,MEMO1,Not known,1.0,-0.8102245281288152,5.795422630191298,4.9851981020624825
8418,ENSG00000162975,KCNF1,Not known,1.0,-0.28869474448587307,0.5554159319829371,0.2667211874970641
8446,ENSG00000163110,PDLIM5,Not known,1.0,-0.9655643383662319,4.825271719361317,3.859707380995085
8476,ENSG00000163328,GPR155,Not known,1.0,-0.3219083483338673,1.1781703633847445,0.8562620150508772
8478,ENSG00000163346,PBXIP1,Not known,1.0,-1.5127641084981693,0.54965594442185,-0.9631081640763194
8486,ENSG00000163393,SLC22A15,Not known,1.0,-1.4576527841053688,0.12089563244442218,-1.3367571516609467
8489,ENSG00000163412,EIF4E3,Not known,1.0,-0.41457336911689774,0.41305060612990024,-0.0015227629869974946
8499,ENSG00000163472,TMEM79,Not known,1.0,-1.541625700381261,1.2503106416646865,-0.2913150587165745
8515,ENSG00000163531,NFASC,Not known,1.0,-1.7912488367052724,2.652371179573231,0.8611223428679586
8522,ENSG00000163577,EIF5A2,Not known,1.0,1.2189179221597428,1.3909282187285696,2.6098461408883127
8533,ENSG00000163618,CADPS,Not known,1.0,-0.47215298162234753,1.0875429363006124,0.6153899546782648
8585,ENSG00000163848,ZNF148,Not known,1.0,-0.5467540707872247,1.1127605411044486,0.5660064703172238
8597,ENSG00000163888,CAMK2N2,Not known,1.0,-0.36955655507353224,0.4490533928500799,0.07949683777654765
8611,ENSG00000163939,PBRM1,Not known,1.0,-0.5968731920539303,1.3311119546700751,0.7342387626161448
8638,ENSG00000164050,PLXNB1,Not known,1.0,-1.5303076119190182,1.1553002848744254,-0.37500732704459283
8653,ENSG00000164082,GRM2,Not known,1.0,-0.445972402825895,0.04898909561237063,-0.3969833072135244
8656,ENSG00000164089,ETNPPL,Not known,1.0,-1.0596463054408602,6.262444034897541,5.202797729456681
8667,ENSG00000164114,MAP9,Not known,1.0,-0.42361848572020294,0.86717385065195,0.443555364931747
8739,ENSG00000164463,CREBRF,Not known,1.0,0.20802074881452848,1.6185071947206604,1.8265279435351889
8755,ENSG00000164600,NEUROD6,Not known,1.0,2.7864629320431997,0.8619344697118085,3.648397401755008
8763,ENSG00000164620,RELL2,Not known,1.0,-0.6279532370215022,1.827635720897397,1.1996824838758948
8782,ENSG00000164742,ADCY1,Not known,1.0,-0.1776309353946257,1.0464410408224898,0.8688101054278641
8802,ENSG00000164885,CDK5,Not known,1.0,1.078307454643667,1.8680069486073914,2.9463144032510584
8806,ENSG00000164902,PHAX,Not known,1.0,-1.1880849954590929,2.7751404513820113,1.5870554559229184
8833,ENSG00000165023,DIRAS2,Not known,1.0,-1.0613546631379274,0.34315158368495835,-0.718203079452969
8841,ENSG00000165061,ZMAT4,Not known,1.0,-1.0478699343125208,0.5930627044828474,-0.4548072298296735
8846,ENSG00000165113,GKAP1,Not known,1.0,0.001288114348925894,0.20852432088905604,0.20981243523798193
8857,ENSG00000165169,DYNLT3,Not known,1.0,-0.009062742893032627,0.5924162309550174,0.5833534880619847
8861,ENSG00000165186,PTCHD1,Not known,1.0,-1.5701404348805954,0.022756289718039138,-1.5473841451625563
8882,ENSG00000165355,FBXO33,Not known,1.0,-1.0238660651655653,0.41038677621385855,-0.6134792889517068
8888,ENSG00000165410,CFL2,Not known,1.0,-1.5255956587771873,0.6931659964806073,-0.83242966229658
8892,ENSG00000165434,PGM2L1,Not known,1.0,0.19860035811804314,0.4436980574370988,0.6422984155551419
8935,ENSG00000165675,ENOX2,Not known,1.0,-1.534314674784638,0.31545845094373337,-1.2188562238409046
8956,ENSG00000165795,NDRG2,Not known,1.0,-0.48304272753632527,0.1172830885715551,-0.36575963896477015
8973,ENSG00000165899,OTOGL,Not known,1.0,-0.27333281882621413,0.3358362848304097,0.0625034660041956
8986,ENSG00000165985,C1QL3,Not known,1.0,0.8789493103524274,1.5688571308083081,2.4478064411607354
9011,ENSG00000166136,NDUFB8,Not known,1.0,-1.018802238762759,1.6229451766290512,0.6041429378662921
9051,ENSG00000166313,APBB1,Not known,1.0,-0.21810640233309528,1.3003080833845952,1.0822016810515
9117,ENSG00000166689,PLEKHA7,Not known,1.0,-1.1830413925959846,0.4931415461935937,-0.6898998464023909
9148,ENSG00000166862,CACNG2,Not known,1.0,0.15033008109922155,1.42765516669836,1.5779852477975815
9180,ENSG00000167037,SGSM1,Not known,1.0,0.9376995738309307,2.2814082223481873,3.219107796179118
9181,ENSG00000167065,DUSP18,Not known,1.0,-1.0645900143279057,1.2024995167548744,0.13790950242696876
9214,ENSG00000167280,ENGASE,Not known,1.0,-1.5255758098126848,0.6742098718538823,-0.8513659379588026
9215,ENSG00000167281,RBFOX3,Not known,1.0,2.174123462335788,2.330048722668716,4.504172185004505
9219,ENSG00000167306,MYO5B,Not known,1.0,-0.8283218565392533,0.4127715746621539,-0.41555028187709936
9231,ENSG00000167397,VKORC1,Not known,1.0,-0.9885917400543015,0.5355296760581599,-0.4530620639961416
9266,ENSG00000167614,TTYH1,Not known,1.0,-1.6615587111391845,6.005444502577001,4.343885791437817
9284,ENSG00000167685,ZNF444,Not known,1.0,-1.287916145471039,0.03628795433438939,-1.2516281911366496
9290,ENSG00000167702,KIFC2,Not known,1.0,-0.7740536031818427,0.39574350644575795,-0.37831009673608473
9349,ENSG00000168005,SPINDOC,Not known,1.0,-0.5661740589638001,2.0273838071873556,1.4612097482235553
9376,ENSG00000168172,HOOK3,Not known,1.0,3.1230077172099953,4.700734984803225,7.82374270201322
9379,ENSG00000168214,RBPJ,Not known,1.0,-0.6765497748892226,4.007526135832473,3.33097636094325
9382,ENSG00000168234,TTC39C,Not known,1.0,-0.9933969905927689,0.81657945982681,-0.17681753076595885
9383,ENSG00000168243,GNG4,Not known,1.0,-0.2250129127881352,0.3102779470652551,0.08526503427711987
9402,ENSG00000168309,FAM107A,Not known,1.0,1.0032570496174569,1.9944651247567764,2.9977221743742333
9406,ENSG00000168348,INSM2,Not known,1.0,0.23489916423575266,0.11125305096445515,0.3461522152002078
9426,ENSG00000168481,LGI3,Not known,1.0,-0.7314609941808962,0.2836597188252516,-0.44780127535564457
9470,ENSG00000168785,TSPAN5,Not known,1.0,-1.1892120853844146,0.6975930485035164,-0.49161903688089814
9483,ENSG00000168843,FSTL5,Not known,1.0,-0.22694997828558539,1.4579783215922046,1.2310283433066194
9484,ENSG00000168872,DDX19A,Not known,1.0,-0.8297787900206586,1.600944673024446,0.7711658830037875
9486,ENSG00000168876,ANKRD49,Not known,1.0,-0.7377805731836947,0.9548156927414648,0.2170351195577701
9505,ENSG00000168959,GRM5,SWB1000G,3e-11,-0.6184160685356045,0.253934187417592,-0.3644818811180125
9510,ENSG00000169006,NTSR2,Not known,1.0,-1.541653498662018,11.004697443686172,9.463043945024154
9518,ENSG00000169032,MAP2K1,Not known,1.0,-0.8764236486809555,0.10970502207633717,-0.7667186266046183
9544,ENSG00000169213,RAB3B,Not known,1.0,-1.2737692768086144,0.1983716791927357,-1.0753975976158787
9615,ENSG00000169750,RAC3,Not known,1.0,0.8047873089497367,0.036407314513187114,0.8411946234629238
9622,ENSG00000169783,LINGO1,Not known,1.0,-0.8647363012974677,0.1945769964146978,-0.6701593048827699
9625,ENSG00000169826,CSGALNACT2,Not known,1.0,-1.066857075210712,0.9025575170959695,-0.1642995581147425
9667,ENSG00000170088,TMEM192,Not known,1.0,-0.6021845798761966,4.067500171176232,3.4653155913000355
9705,ENSG00000170370,EMX2,Not known,1.0,-1.3857575565954416,4.204388701822313,2.8186311452268713
9714,ENSG00000170425,ADORA2B,Not known,1.0,-1.0077270853396374,2.5352444491243706,1.5275173637847332
9719,ENSG00000170456,DENND5B,Not known,1.0,-0.1735513078204273,0.4972520808051774,0.3237007729847501
9740,ENSG00000170606,HSPA4,Not known,1.0,0.3544742115880397,2.2835675884906803,2.63804180007872
9791,ENSG00000171044,XKR6,"PA,SWB1000G",2e-06,-0.838855386525353,0.0882074891938098,-0.7506478973315431
9817,ENSG00000171204,TMEM126B,Not known,1.0,-1.157699227508077,2.563124152616687,1.40542492510861
9824,ENSG00000171246,NPTX1,Not known,1.0,-0.39692124271306234,1.5435853068470669,1.1466640641340045
9830,ENSG00000171303,KCNK3,Not known,1.0,-1.0013419245932533,1.8928169834741375,0.8914750588808842
9852,ENSG00000171462,DLK2,Not known,1.0,0.14709575285748705,0.33295844103517147,0.4800541938926585
9853,ENSG00000171466,ZNF562,Not known,1.0,-0.9363416260692699,0.9713605959320649,0.03501896986279507
9856,ENSG00000171475,WIPF2,Not known,1.0,-0.8790374508528854,3.7994589702607238,2.9204215194078382
9865,ENSG00000171517,LPAR3,Not known,1.0,-1.4979016281885937,0.2383482645697657,-1.259553363618828
9867,ENSG00000171532,NEUROD2,Not known,1.0,-0.19686399187119352,0.5001721698066074,0.30330817793541387
9879,ENSG00000171621,SPSB1,Not known,1.0,-1.1300869901441144,1.6467484975529953,0.516661507408881
9896,ENSG00000171766,GATM,Not known,1.0,0.13264721062343435,1.9406357713096816,2.073282981933116
9921,ENSG00000171885,AQP4,Not known,1.0,-1.4477815104912197,5.787515494844592,4.339733984353372
9922,ENSG00000171903,CYP4F11,Not known,1.0,-0.9087688075025409,5.979133445844576,5.070364638342036
9927,ENSG00000171951,SCG2,Not known,1.0,-0.0007062917369247454,1.1160382382507172,1.1153319465137925
10045,ENSG00000172840,PDP2,Not known,1.0,-0.4024405441876473,0.3102047907350322,-0.09223575345261509
10068,ENSG00000173020,GRK2,Not known,1.0,-0.48083475943349147,0.03730886958311693,-0.44352588985037456
10095,ENSG00000173230,GOLGB1,Not known,1.0,-0.8190494000796981,0.20276344602571744,-0.6162859540539807
10098,ENSG00000173267,SNCG,Not known,1.0,-0.25519655517532414,0.20449866921829915,-0.050697885957024985
10159,ENSG00000173812,EIF1,Not known,1.0,-0.9099697595622971,0.08769356564520842,-0.8222761939170886
10167,ENSG00000173875,ZNF791,Not known,1.0,-1.0395984126030473,3.5270827174592467,2.487484304856199
10178,ENSG00000173960,UBXN2A,Not known,1.0,-1.0122597819038937,0.36381647417789437,-0.6484433077259992
10194,ENSG00000174145,NWD2,Not known,1.0,0.6318677440079505,1.353560543786924,1.9854282877948746
10203,ENSG00000174233,ADCY6,Not known,1.0,-1.0622749853644513,2.684686916609244,1.6224119312447929
10221,ENSG00000174453,VWC2L,Not known,1.0,-0.9721348398533208,0.30163708031246894,-0.6704977595408519
10243,ENSG00000174611,KY,Not known,1.0,-0.9433038889208731,2.75366492869945,1.8103610397785768
10276,ENSG00000174938,SEZ6L2,Not known,1.0,-0.759853436579547,0.2079656155022138,-0.5518878210773331
10292,ENSG00000175073,VCPIP1,Not known,1.0,0.17495822458842825,0.2510927723778361,0.42605099696626436
10361,ENSG00000175611,LINC00476,Not known,1.0,-1.3975543064160083,0.21560239927169197,-1.1819519071443163
10367,ENSG00000175727,MLXIP,Not known,1.0,-0.880208191775917,0.19473607310122676,-0.6854721186746903
10374,ENSG00000175782,SLC35E3,Not known,1.0,-0.8438794391154548,4.744029067557561,3.9001496284421058
10417,ENSG00000176208,ATAD5,Not known,1.0,-0.9934176351300661,4.968757812220761,3.975340177090695
10431,ENSG00000176390,CRLF3,Not known,1.0,-0.11305102614053038,3.5155440766906274,3.402493050550097
10444,ENSG00000176463,SLCO3A1,Not known,1.0,-1.5205321267071579,2.5241438117784996,1.0036116850713417
10508,ENSG00000177082,WDR73,PA,1e-06,-0.919095092135715,2.6248151857643807,1.7057200936286656
10535,ENSG00000177337,DLGAP1-AS1,Not known,1.0,0.9989515633462076,0.6413664395113817,1.6403180028575894
10622,ENSG00000178075,GRAMD1C,Not known,1.0,-1.7611093981539871,7.973730899378131,6.2126215012241435
10642,ENSG00000178235,SLITRK1,Not known,1.0,-0.10613075274456235,0.16180595961263083,0.05567520686806848
10677,ENSG00000178718,RPP25,Not known,1.0,-0.38461378851639083,0.34255483159661104,-0.04205895691977979
10696,ENSG00000178927,CYBC1,Not known,1.0,-1.504542612633424,0.011812304178790872,-1.492730308454633
10697,ENSG00000178935,ZNF552,Not known,1.0,-1.294532008456735,3.2181755720951033,1.9236435636383682
10700,ENSG00000178951,ZBTB7A,Not known,1.0,0.1861953993446059,3.967098947508884,4.15329434685349
10747,ENSG00000179388,EGR3,Not known,1.0,-0.5872306102311764,0.4945329793673504,-0.09269763086382599
10754,ENSG00000179455,MKRN3,Not known,1.0,-1.311338226190612,0.21325059561287052,-1.0980876305777414
10773,ENSG00000179761,PIPOX,Not known,1.0,-1.8201029512112743,2.4181739295666276,0.5980709783553533
10775,ENSG00000179796,LRRC3B,Not known,1.0,-1.4842776287066368,0.3989264422085817,-1.0853511864980552
10791,ENSG00000179943,FIZ1,Not known,1.0,-0.9477271139417494,1.6933641481819883,0.745637034240239
10805,ENSG00000180098,TRNAU1AP,Not known,1.0,-0.7770997420456185,0.20007178114942548,-0.577027960896193
10808,ENSG00000180155,LYNX1,Not known,1.0,-0.269410879689879,0.8727688577802291,0.6033579780903501
10838,ENSG00000180525,PRR26,Not known,1.0,-0.6348125470082165,2.578604134497869,1.9437915874896525
10842,ENSG00000180543,TSPYL5,Not known,1.0,-1.2183365379035955,0.6895973459602884,-0.5287391919433071
10855,ENSG00000180769,WDFY3-AS2,Not known,1.0,-0.8390153890015309,0.1638367305002301,-0.6751786585013009
10863,ENSG00000180828,BHLHE22,Not known,1.0,-0.5690671448433902,0.26605471315620277,-0.3030124316871874
10867,ENSG00000180875,GREM2,Not known,1.0,-0.8374716664411208,0.6258988611998068,-0.21157280524131405
10895,ENSG00000181072,CHRM2,Not known,1.0,-1.1557266088940858,0.15439294471413106,-1.0013336641799548
10917,ENSG00000181449,SOX2,Not known,1.0,-0.4363251818429676,1.3231675953880158,0.8868424135450481
11007,ENSG00000182359,KBTBD3,Not known,1.0,-1.0396345632602453,0.16123779615601216,-0.8783967671042331
11018,ENSG00000182504,CEP97,Not known,1.0,-1.309181076337677,4.293069019933249,2.9838879435955716
11023,ENSG00000182541,LIMK2,Not known,1.0,-1.8137224559091496,1.8365747616544794,0.022852305745329815
11055,ENSG00000182836,PLCXD3,Not known,1.0,-1.005925554768717,2.0207219600248947,1.0147964052561778
11058,ENSG00000182870,GALNT9,Not known,1.0,-0.007548160869818123,0.1639242092514369,0.15637604838161875
11064,ENSG00000182902,SLC25A18,Not known,1.0,-0.5810927066565292,2.7732554331331265,2.1921627264765973
11066,ENSG00000182916,TCEAL7,Not known,1.0,0.13956967356863714,0.11938021761891307,0.2589498911875502
11085,ENSG00000183036,PCP4,Not known,1.0,0.2795636805026439,0.5201396888518593,0.7997033693545033
11091,ENSG00000183077,AFMID,Not known,1.0,-1.7418795766701818,2.089208174313485,0.34732859764330337
11162,ENSG00000183662,FAM19A1,Not known,1.0,-1.2362489675634687,0.11935685790512177,-1.1168921096583468
11184,ENSG00000183783,KCTD8,Not known,1.0,1.013208053818966,0.6813696853571044,1.6945777391760704
11242,ENSG00000184232,OAF,Not known,1.0,-1.5315935233723008,3.857001705683714,2.3254081823114134
11251,ENSG00000184307,ZDHHC23,Not known,1.0,-0.261307230533645,0.33315136137225554,0.07184413083861052
11264,ENSG00000184408,KCND2,Not known,1.0,-0.9299099071786205,0.08047943864919199,-0.8494304685294285
11281,ENSG00000184545,DUSP8,Not known,1.0,-0.6375596548139546,1.403720037456644,0.7661603826426895
11308,ENSG00000184845,DRD1,Not known,1.0,-0.39497957952036783,0.70043132648952,0.30545174696915217
11320,ENSG00000184924,PTRHD1,Not known,1.0,-1.0548632531040827,2.6007631878314905,1.5458999347274078
11323,ENSG00000184949,FAM227A,Not known,1.0,-1.0719810411609039,0.48252852311026395,-0.5894525180506399
11333,ENSG00000185008,ROBO2,Not known,1.0,-1.4424086672039864,0.42122507348584753,-1.0211835937181388
11343,ENSG00000185049,NELFA,Not known,1.0,-0.3562864451627904,0.5823064124256082,0.2260199672628178
11356,ENSG00000185129,PURA,Not known,1.0,-0.8925298297077656,2.7843110916301166,1.8917812619223509
11357,ENSG00000185133,INPP5J,Not known,1.0,-1.0081047011367479,0.2950854746897966,-0.7130192264469513
11388,ENSG00000185361,TNFAIP8L1,Not known,1.0,-1.1981637880470135,0.8177888011622745,-0.38037498688473903
11393,ENSG00000185418,TARSL2,Not known,1.0,-0.9580259584382059,1.3898969748515133,0.4318710164133074
11395,ENSG00000185432,METTL7A,Not known,1.0,0.3200641480941679,2.7134604693213515,3.0335246174155195
11414,ENSG00000185565,LSAMP,SWB1000G,3e-06,-1.7690355332822443,3.060522561778428,1.2914870284961837
11476,ENSG00000185933,CALHM1,Not known,1.0,-0.7781864257703072,0.4552196741058149,-0.3229667516644923
11478,ENSG00000185946,RNPC3,Not known,1.0,-1.1586998566630498,0.416225882697895,-0.7424739739651547
11488,ENSG00000186001,LRCH3,Not known,1.0,0.8509047687727836,0.5959213238871582,1.4468260926599419
11518,ENSG00000186260,MRTFB,Not known,1.0,-0.5511959543476657,0.03661109328901457,-0.5145848610586511
11523,ENSG00000186297,GABRA5,Not known,1.0,0.30260202716623835,0.024524714891462372,0.3271267420577007
11546,ENSG00000186469,GNG2,Not known,1.0,-0.8275940208515169,2.1415299375781642,1.3139359167266473
11549,ENSG00000186479,RGS7BP,Not known,1.0,0.2511768875126632,0.844474498249,1.0956513857616632
11571,ENSG00000186654,PRR5,Not known,1.0,-1.01970089831731,1.7115812947216538,0.6918803964043438
11584,ENSG00000186814,ZSCAN30,Not known,1.0,-0.24169978258684968,0.45674228140629847,0.21504249881944879
11585,ENSG00000186815,TPCN1,Not known,1.0,-1.5078930786718605,0.21871983268397294,-1.2891732459878875
11593,ENSG00000186907,RTN4RL2,Not known,1.0,-0.012280312729012016,1.2359874201468517,1.2237071074178396
11601,ENSG00000186998,EMID1,Not known,1.0,-0.18869738662320584,1.29093024221116,1.1022328555879541
11609,ENSG00000187098,MITF,Not known,1.0,-0.8820679907783318,3.128900838967998,2.2468328481896664
11619,ENSG00000187187,ZNF546,Not known,1.0,-1.244593581743182,1.1796059225199977,-0.06498765922318417
11627,ENSG00000187257,RSBN1L,Not known,1.0,-1.6325095361298552,0.19324705239155587,-1.4392624837382992
11630,ENSG00000187323,DCC,Not known,1.0,-0.324432327478636,0.15129330506448482,-0.17313902241415116
11641,ENSG00000187514,PTMA,Not known,1.0,-0.7564957120124626,4.056157590936652,3.29966187892419
11697,ENSG00000188021,UBQLN2,Not known,1.0,0.7444598493893381,2.329759645512106,3.074219494901444
11700,ENSG00000188039,NWD1,Not known,1.0,-1.0724571810165786,0.019078630020299935,-1.0533785509962788
11701,ENSG00000188042,ARL4C,Not known,1.0,-0.23301142879081566,1.0524147093579317,0.8194032805671161
11729,ENSG00000188315,C3orf62,Not known,1.0,-0.3813321031231191,0.8965505785601294,0.5152184754370104
11737,ENSG00000188419,CHM,Not known,1.0,-0.29114301376032165,0.32403977057556943,0.032896756815247785
11764,ENSG00000188730,VWC2,Not known,1.0,-1.0206867053170896,0.21055700064522812,-0.8101297046718615
11833,ENSG00000189319,FAM53B,"SWB,SWB1000G",1e-06,-0.12895337187483474,1.873356691308384,1.744403319433549
11869,ENSG00000196199,MPHOSPH8,Not known,1.0,0.22555813196471514,1.3401452425149567,1.5657033744796718
11894,ENSG00000196323,ZBTB44,Not known,1.0,-1.141052195568658,0.30242126517845086,-0.8386309303902071
11905,ENSG00000196368,NUDT11,Not known,1.0,-0.8254622004232299,0.3402201995364068,-0.4852420008868231
11930,ENSG00000196458,ZNF605,Not known,1.0,-0.6874596654030962,0.41958512111688256,-0.26787454428621366
11944,ENSG00000196517,SLC6A9,Not known,1.0,-1.1589496462892765,0.07878127925958661,-1.08016836702969
11961,ENSG00000196628,TCF4,Not known,1.0,-0.024913452167803374,0.4754178688447905,0.4505044166769871
11965,ENSG00000196642,RABL6,Not known,1.0,1.539984825503123,0.8920092897075155,2.4319941152106384
12009,ENSG00000196878,LAMB3,Not known,1.0,-0.5309883028803223,0.16792368890460632,-0.363064613975716
12010,ENSG00000196911,KPNA5,Not known,1.0,1.8662754467591909,5.191680689856129,7.057956136615321
12017,ENSG00000196937,FAM3C,Not known,1.0,-0.9923979460816134,0.4831947284186282,-0.5092032176629852
12028,ENSG00000196990,FAM163B,Not known,1.0,-1.2045038477822423,1.1574691616801769,-0.047034686102065404
12031,ENSG00000197008,ZNF138,Not known,1.0,-1.1076399169701123,2.6384514363146203,1.530811519344508
12065,ENSG00000197162,ZNF785,Not known,1.0,0.7771210059525928,7.352842496876395,8.129963502828987
12070,ENSG00000197182,MIRLET7BHG,SWB,2e-30,1.3503510599011328,6.5933798495894225,7.943730909490555
12116,ENSG00000197496,SLC2A10,Not known,1.0,-1.0711114861146986,0.1936388127618202,-0.8774726733528784
12126,ENSG00000197562,RAB40C,Not known,1.0,0.6540378438501669,1.6539586925486989,2.307996536398866
12196,ENSG00000197959,DNM3,Not known,1.0,2.48635051830152,0.8529760420934941,3.339326560395014
12231,ENSG00000198130,HIBCH,Not known,1.0,-0.5165374640197026,0.7882088152888066,0.271671351269104
12257,ENSG00000198265,HELZ,Not known,1.0,-0.852386857569228,0.4011899128612042,-0.45119694470802385
12287,ENSG00000198466,ZNF587,Not known,1.0,-0.5305982808635602,1.6779674320282831,1.1473691511647228
12289,ENSG00000198478,SH3BGRL2,Not known,1.0,-0.43052108792204147,0.12045610743617743,-0.31006498048586406
12320,ENSG00000198626,RYR2,Not known,1.0,1.0303182073456165,0.15799401164871507,1.1883122189943316
12329,ENSG00000198680,TUSC1,Not known,1.0,-0.3269640066160326,0.38005078984460705,0.05308678322857446
12331,ENSG00000198689,SLC9A6,Not known,1.0,-0.47019998172440286,0.4217192559999123,-0.04848072572449058
12364,ENSG00000198785,GRIN3A,Not known,1.0,-0.12645433808259998,1.40266224467147,1.27620790658887
12377,ENSG00000198816,ZNF358,Not known,1.0,-0.8585820620442275,0.3887379424026654,-0.4698441196415621
12396,ENSG00000198853,RUSC2,Not known,1.0,1.1712890482191063,1.7212290226816533,2.89251807090076
12400,ENSG00000198860,TSEN15,Not known,1.0,-0.9815659905828966,2.544456101878124,1.5628901112952274
12450,ENSG00000198961,PJA2,Not known,1.0,-0.14074443583268603,0.1539353639878069,0.013190928155120879
12462,ENSG00000203709,MIR29B2CHG,Not known,1.0,-0.4755817329176061,1.2846515446133449,0.8090698116957388
12465,ENSG00000203739,AL645568.1,Not known,1.0,-0.8024332575672655,1.430983888037491,0.6285506304702255
12475,ENSG00000203875,SNHG5,Not known,1.0,-0.9410093162164183,5.407790632874643,4.466781316658224
12482,ENSG00000203930,LINC00632,Not known,1.0,0.30708167246809315,4.984496706811677,5.29157837927977
12497,ENSG00000204120,GIGYF2,Not known,1.0,-0.35480031549270863,0.49688773959273036,0.14208742410002173
12555,ENSG00000204388,HSPA1B,Not known,1.0,2.1625667242804285,2.442694236982349,4.605260961262777
12557,ENSG00000204390,HSPA1L,Not known,1.0,-1.179222153239036,1.4980521777855251,0.31883002454648923
12571,ENSG00000204514,ZNF814,Not known,1.0,1.6613625464548636,2.8479577812856807,4.509320327740545
12582,ENSG00000204580,DDR1,Not known,1.0,-1.342334189759494,1.1544925947394018,-0.18784159502009223
12596,ENSG00000204644,ZFP57,Not known,1.0,-1.525841739777656,0.4247511396802185,-1.1010906000974376
12607,ENSG00000204789,ZNF204P,Not known,1.0,-1.0624029217633575,0.02588627447474319,-1.0365166472886143
12619,ENSG00000204899,MZT1,Not known,1.0,-0.5629383841826687,1.4026663548381206,0.8397279706554519
12637,ENSG00000205089,CCNI2,Not known,1.0,0.32477152594564573,2.390056668832936,2.714828194778582
12639,ENSG00000205116,TMEM88B,Not known,1.0,-1.7235631105560298,1.99070736470251,0.26714425414648013
12650,ENSG00000205279,CTXN3,Not known,1.0,-0.40327070255363806,0.43571420584033727,0.032443503286699205
12653,ENSG00000205336,ADGRG1,Not known,1.0,-1.296668020573538,8.745953024415181,7.449285003841643
12698,ENSG00000206052,DOK6,Not known,1.0,-0.7743292041961286,0.11025812784123114,-0.6640710763548975
12732,ENSG00000212694,LINC01089,Not known,1.0,-0.6745812206004403,0.06748839116796009,-0.6070928294324802
12739,ENSG00000213015,ZNF580,Not known,1.0,-1.017625096965609,1.695685656627471,0.6780605596618619
12763,ENSG00000213380,COG8,Not known,1.0,0.5074418021206109,0.8369892587562308,1.3444310608768415
12771,ENSG00000213516,RBMXL1,Not known,1.0,-1.0378636725530577,5.573686430128311,4.535822757575254
12842,ENSG00000214367,HAUS3,Not known,1.0,-1.0359075262758601,5.393000205167151,4.3570926788912905
12855,ENSG00000214595,EML6,Not known,1.0,-0.021949330037863084,0.02654920948394528,0.004599879446082197
12902,ENSG00000215475,SIAH3,Not known,1.0,-0.6046819244263136,0.03871883514736595,-0.5659630892789477
12928,ENSG00000219545,UMAD1,Not known,1.0,-1.154710644454695,2.6806179281775324,1.5259072837228373
12930,ENSG00000219626,FAM228B,Not known,1.0,-0.96140469690603,0.7024992791758601,-0.25890541773016995
12938,ENSG00000221817,PPP3CB-AS1,Not known,1.0,-1.3024077107583605,3.0107558704856348,1.7083481597272743
12952,ENSG00000221946,FXYD7,Not known,1.0,0.8599616625526104,0.49814511355054586,1.3581067761031562
12989,ENSG00000224081,SLC44A3-AS1,Not known,1.0,-2.0460369925720996,1.5922057219774,-0.45383127059469963
12997,ENSG00000224310,LINC01567,Not known,1.0,-0.5914477546448468,4.411668855979732,3.8202211013348855
13001,ENSG00000224470,ATXN1L,Not known,1.0,-1.105072360871727,0.7682301594338109,-0.3368422014379161
13021,ENSG00000225177,AL590617.2,Not known,1.0,-1.4164804240778124,1.6800597850522103,0.26357936097439794
13033,ENSG00000225470,JPX,Not known,1.0,-1.2106426990650265,3.181769812738099,1.9711271136730726
13050,ENSG00000225828,FAM229A,Not known,1.0,-1.1655176888276733,0.6862334601376207,-0.4792842286900526
13057,ENSG00000225953,SATB2-AS1,Not known,1.0,0.3710480240931647,0.12004137581068268,0.49108939990384737
13058,ENSG00000225968,ELFN1,Not known,1.0,-1.6563151783258294,0.022339106970262774,-1.6339760713555667
13062,ENSG00000226029,LINC01772,Not known,1.0,-1.0049114792265348,0.5052753284083715,-0.49963615081816326
13073,ENSG00000226419,SLC16A1-AS1,Not known,1.0,-0.4970492376001883,2.335444620640356,1.8383953830401676
13082,ENSG00000226803,ZNF451-AS1,Not known,1.0,-0.6381835396529817,5.359881727041933,4.721698187388951
13136,ENSG00000228782,MRPL45P2,Not known,1.0,-1.3213020569379297,0.02034096431252473,-1.300961092625405
13147,ENSG00000229180,AC006001.3,Not known,1.0,-1.379178713374844,1.169324175149241,-0.20985453822560318
13154,ENSG00000229809,ZNF688,Not known,1.0,-1.0409974123106331,0.799452966751374,-0.24154444555925914
13156,ENSG00000229847,EMX2OS,Not known,1.0,0.2481065885961115,0.682272714392769,0.9303793029888805
13170,ENSG00000230551,AC021078.1,Not known,1.0,1.1616212414122917,0.9547834844111718,2.1164047258234637
13172,ENSG00000230590,FTX,Not known,1.0,-1.0912802561290063,0.1740291030998403,-0.9172511530291659
13200,ENSG00000231999,LRRC8C-DT,Not known,1.0,-1.2372069181634524,1.990115962563778,0.7529090444003257
13216,ENSG00000232611,AL683813.1,Not known,1.0,-0.7955732251250992,4.612481777317322,3.8169085521922232
13262,ENSG00000234444,ZNF736,Not known,1.0,-0.972540257085972,1.86913319393823,0.896592936852258
13278,ENSG00000235034,C19orf81,Not known,1.0,-0.7363552529156137,1.7125562981781957,0.976201045262582
13318,ENSG00000236279,CLEC2L,Not known,1.0,0.25380859599352484,0.6446023398636607,0.8984109358571855
13322,ENSG00000236540,AC006547.1,Not known,1.0,0.6904419044299533,0.7313489044338142,1.4217908088637676
13341,ENSG00000237190,CDKN2AIPNL,Not known,1.0,0.4488936153553812,1.3408856018885518,1.7897792172439329
13356,ENSG00000237943,PRKCQ-AS1,Not known,1.0,-1.505715032464417,2.1560352685773507,0.6503202361129337
13367,ENSG00000238198,AL357055.3,Not known,1.0,-0.9505853396564236,2.3925733957704214,1.4419880561139977
13392,ENSG00000240219,AL512306.2,Not known,1.0,-1.7778493595113116,2.7491749358300757,0.971325576318764
13393,ENSG00000240225,ZNF542P,Not known,1.0,-1.139069616878189,0.14873713195389276,-0.9903324849242963
13394,ENSG00000240230,COX19,Not known,1.0,2.5478106042640842,1.7959356898028893,4.343746294066974
13399,ENSG00000240401,AC012358.3,Not known,1.0,-1.3632474499487612,0.09916255944702662,-1.2640848905017346
13400,ENSG00000240499,AC004594.1,Not known,1.0,-1.2627286629490502,0.6222392062620222,-0.640489456687028
13403,ENSG00000240682,ISY1,Not known,1.0,-0.7138577990960091,0.7520051168356163,0.03814731773960722
13404,ENSG00000240694,PNMA2,Not known,1.0,0.7342576846569012,0.49009633146801074,1.224354016124912
13458,ENSG00000243069,ARHGEF26-AS1,Not known,1.0,-0.2397231625583182,0.3730587052886996,0.13333554273038142
13467,ENSG00000243444,PALM2,Not known,1.0,-0.5504990164607381,1.0195820984980215,0.46908308203728344
13499,ENSG00000244627,TPTEP2,Not known,1.0,0.7894147536020848,0.07015727398036495,0.8595720275824498
13540,ENSG00000247081,BAALC-AS1,Not known,1.0,-1.765776256458516,1.4866573765219275,-0.27911887993658846
13544,ENSG00000247157,LINC01252,Not known,1.0,-1.0981594083160446,0.08769195555395232,-1.0104674527620923
13564,ENSG00000248092,NNT-AS1,Not known,1.0,-0.2529553618890229,1.503116863132107,1.2501615012430842
13568,ENSG00000248333,CDK11B,Not known,1.0,-1.1630235736942944,0.17816627169802485,-0.9848573019962696
13580,ENSG00000248890,HHIP-AS1,Not known,1.0,-1.1522175132216121,0.9371312450618504,-0.21508626815976173
13642,ENSG00000251474,RPL32P3,Not known,1.0,-1.1698311090060465,1.6882620702860718,0.5184309612800253
13652,ENSG00000253305,PCDHGB6,Not known,1.0,-1.0535056536255891,0.05560647910623868,-0.9978991745193504
13662,ENSG00000253719,ATXN7L3B,Not known,1.0,0.7683851622637966,0.2396613268396978,1.0080464891034944
13671,ENSG00000253910,PCDHGB2,Not known,1.0,-1.2953491941529496,0.05056783468371657,-1.244781359469233
13680,ENSG00000254245,PCDHGA3,Not known,1.0,-1.0668787968010873,0.9373803406394814,-0.12949845616160593
13729,ENSG00000256087,ZNF432,Not known,1.0,-1.165581370090585,0.521224946473364,-0.644356423617221
13731,ENSG00000256193,LINC00507,Not known,1.0,0.1623821346822143,1.0827288581255359,1.2451109928077502
13752,ENSG00000257122,RRN3P3,Not known,1.0,-0.838882630796942,0.9207046925382072,0.08182206174126516
13759,ENSG00000257365,FNTB,Not known,1.0,-0.6140170975878484,0.1880925978037554,-0.42592449978409297
13763,ENSG00000257704,INAFM1,Not known,1.0,-0.8605979573685278,2.676994393331317,1.816396435962789
13823,ENSG00000260236,AC099778.1,Not known,1.0,0.36984315940791795,5.493859313725726,5.863702473133644
13840,ENSG00000260495,AC009148.1,Not known,1.0,-1.4095942879116832,0.7341962205569011,-0.675398067354782
13853,ENSG00000260816,AC027279.1,Not known,1.0,-1.0448527948154533,0.14601948851755558,-0.8988333062978977
13860,ENSG00000260903,XKR7,Not known,1.0,-0.08305288534107733,0.1772517703950193,0.09419888505394197
13917,ENSG00000262223,LOC100130370,Not known,1.0,-0.9081216833509702,1.7520464363991968,0.8439247530482266
13940,ENSG00000263603,AC127024.2,Not known,1.0,-1.0485852018620925,0.2672206209151104,-0.781364580946982
13951,ENSG00000264538,SUZ12P1,Not known,1.0,-1.5082326141440958,0.08684785363935753,-1.4213847605047383
14004,ENSG00000267419,AC011477.1,Not known,1.0,-1.0458132052287865,1.062978516230086,0.017165311001299477
14013,ENSG00000267632,AC067852.3,Not known,1.0,-1.1435649401091008,0.3721322180428058,-0.7714327220662951
14021,ENSG00000267934,AC010300.1,Not known,1.0,2.7647726913816473,2.503215008749338,5.267987700130986
14051,ENSG00000269439,AC010618.3,Not known,1.0,0.06731451453210645,1.8117179014563398,1.8790324159884462
14078,ENSG00000270049,AC009061.2,Not known,1.0,-1.0993527572550874,0.5273570425401415,-0.5719957147149459
14082,ENSG00000270111,AL583859.2,Not known,1.0,-0.37249217266102613,0.23272151338680822,-0.13977065927421792
14085,ENSG00000270189,Not found,Not known,1.0,-0.6974185328317584,0.04376711496620139,-0.653651417865557
14089,ENSG00000270419,CAHM,Not known,1.0,-1.0758044940678957,0.6221190141513798,-0.45368547991651587
14113,ENSG00000271447,MMP28,Not known,1.0,-1.3503840243316423,0.7707640810111375,-0.5796199433205048
14123,ENSG00000271860,AL589740.1,Not known,1.0,-1.2478697025254362,0.2804867826367789,-0.9673829198886572
14132,ENSG00000272054,AC007390.2,Not known,1.0,-0.7236844557195894,0.010944657502386674,-0.7127397982172027
14156,ENSG00000272578,AP000347.1,Not known,1.0,-1.2222830957458675,1.316180273253002,0.09389717750713444
14169,ENSG00000272758,AC083798.2,Not known,1.0,-1.0520260347788177,2.605143156876551,1.5531171220977331
14176,ENSG00000272886,DCP1A,Not known,1.0,-0.6446950239149098,3.0209065367017556,2.3762115127868455
14199,ENSG00000273247,AC097376.2,Not known,1.0,-0.6122684778161125,4.964676699921069,4.352408222104957
14205,ENSG00000273319,AC058791.1,Not known,1.0,-0.3793554117358301,0.317675803871472,-0.06167960786435811
14227,ENSG00000274080,AC005089.1,Not known,1.0,0.11660201779753823,5.020566025131737,5.137168042929275
14235,ENSG00000274422,AC245060.5,Not known,1.0,-0.06246347894222494,3.9286203480573128,3.8661568691150876
14247,ENSG00000274925,AC008741.2,Not known,1.0,-0.1341016442597001,5.35285560501811,5.21875396075841
14259,ENSG00000275383,AC126773.4,Not known,1.0,-0.8236015661029674,1.1239218391870545,0.30032027308408704
14261,ENSG00000275400,AC006001.4,Not known,1.0,-1.0929272583881733,1.7032157098118406,0.6102884514236673
14274,ENSG00000276115,AC026356.2,Not known,1.0,-1.2828362912052986,1.1578301149739405,-0.12500617623135812
14308,ENSG00000277586,NEFL,Not known,1.0,0.5532254372796097,1.8024945960230487,2.3557200333026582
14314,ENSG00000277972,CISD3,Not known,1.0,-0.9209994241404116,2.5923329464962133,1.6713335223558017
14339,ENSG00000278949,AC127070.4,Not known,1.0,-1.4510223458691942,0.18081398546613678,-1.2702083604030574
14342,ENSG00000279010,Not found,Not known,1.0,-0.7816148821445983,1.563552064811097,0.7819371826664987
14349,ENSG00000279095,AC243964.3,Not known,1.0,-0.7262668550542912,0.5258435551259697,-0.20042329992832153
14353,ENSG00000279133,AC018628.1,Not known,1.0,-1.1611590893485721,0.38229828093515467,-0.7788608084134174
14357,ENSG00000279192,PWAR5,Not known,1.0,-0.5138554986622761,0.8023008489034209,0.2884453502411448
14363,ENSG00000279283,AC131009.4,Not known,1.0,-1.1087180008591235,1.438923311803347,0.33020531094422356
14364,ENSG00000279302,AC013643.3,Not known,1.0,-1.4239470389400564,2.7604734752664517,1.3365264363263953
14372,ENSG00000279432,AC015799.1,Not known,1.0,-1.4608906327364768,2.5189592274653303,1.0580685947288535
14386,ENSG00000279738,AL022311.1,Not known,1.0,1.757413282836813,7.011291534194676,8.76870481703149
14388,ENSG00000279759,AC118344.2,Not known,1.0,-1.6138242428130471,0.7778056274566778,-0.8360186153563693
14392,ENSG00000280007,AC008079.2,Not known,1.0,-0.698634392417563,1.434372176359975,0.7357377839424121
14394,ENSG00000280046,AC104581.4,Not known,1.0,-1.1986343224247678,2.1979554980809355,0.9993211756561677
14397,ENSG00000280067,AC023818.1,Not known,1.0,-1.1993057376937528,2.552792900856825,1.353487163163072
14405,ENSG00000280152,AC009078.3,Not known,1.0,-0.3173110332886149,1.1723783848219878,0.8550673515333729
14410,ENSG00000280222,AL365209.1,Not known,1.0,-1.3213049079127581,5.103457354749036,3.782152446836278
14411,ENSG00000280234,AC124303.2,Not known,1.0,-0.5723129240042543,0.017305244632070407,-0.5550076793721839
14420,ENSG00000280383,Z95331.1,Not known,1.0,-0.1606275064776968,1.8231000580969248,1.662472551619228
14426,ENSG00000280650,KCNIP4-IT1,Not known,1.0,0.5380174371361712,7.033331858148445,7.571349295284616
14427,ENSG00000280660,AL157396.1,Not known,1.0,-0.8286775571259127,0.1003495065306965,-0.7283280505952162
14430,ENSG00000280776,LINC01202,Not known,1.0,0.5488061828517004,0.5270052361121229,1.0758114189638233
